"아이템 ID","이름","직업군","장착 부위","무기 종류","착용 레벨","요구 스탯","기본 옵션","드랍 옵션 범위(-5~+5)","공격속도 배율","상점 판매가","업그레이드 가능 횟수","일반 몬스터 드랍률","보스 전용"
"settlement_support_ring","정착 지원 반지","전사/궁수/도적/마법사","ring","","1","","공격력 40 / 마력 80 / 맷집 5 / 처리속도 5 / 업무지식 5 / 눈치 5","공격력 40 (35~45) / 마력 80 (75~85) / 맷집 5 (1~10) / 처리속도 5 (1~10) / 업무지식 5 (1~10) / 눈치 5 (1~10)","","0","0","","아니오"
"drop_archer_shoes_1","초급정산 근무화","궁수","신발","","1","","방어력 2 / 처리속도 1","방어력 2 (1~7) / 처리속도 1 (1~6)","","21000","5","0.0030%","아니오"
"drop_bow_1","신입 홍보활","궁수","무기","bow","1","맷집 6","공격력 7","공격력 7 (2~12)","1","30000","7","0.0020%","아니오"
"event_crossbow","체험용 석궁","궁수","무기","crossbow","1","","공격력 21","공격력 21 (16~26)","0.9","1","7","","아니오"
"event_bow","체험용 활","궁수","무기","bow","1","","공격력 20","공격력 20 (15~25)","1","1","7","","아니오"
"drop_mage_helmet_1","초급개발 보호모","마법사","투구","","1","","방어력 4 / 업무지식 1 / 마법방어력 1","방어력 4 (1~9) / 업무지식 1 (1~6) / 마법방어력 1 (1~6)","","23000","10","0.0040%","아니오"
"drop_wand_1","신입 개발완드","마법사","무기","wand","1","눈치 3","공격력 3 / 마력 8","공격력 3 (1~8) / 마력 8 (3~13)","1.12","30000","7","0.0040%","아니오"
"event_staff","체험용 스태프","마법사","무기","staff","1","","공격력 8 / 마력 22","공격력 8 (3~13) / 마력 22 (17~27)","0.9","1","7","","아니오"
"event_wand","체험용 완드","마법사","무기","wand","1","","공격력 6 / 마력 20","공격력 6 (1~11) / 마력 20 (15~25)","1.1","1","7","","아니오"
"drop_thief_gloves_1","첫 계약 업무장갑","도적","장갑","","1","","방어력 2 / 눈치 1","방어력 2 (1~7) / 눈치 1 (1~6)","","23000","5","0.0060%","아니오"
"drop_dagger_1","신입 시설단검","도적","무기","dagger","1","처리속도 41","공격력 7","공격력 7 (2~12)","1.06","30000","7","0.0030%","아니오"
"event_dagger","체험용 단검","도적","무기","dagger","1","","공격력 20","공격력 20 (15~25)","1.1","1","7","","아니오"
"event_claw","체험용 아대","도적","무기","claw","1","","공격력 18","공격력 18 (13~23)","1.15","1","7","","아니오"
"drop_warrior_top_1","첫 출근 업무복","전사","상의","","1","","방어력 4 / 맷집 1","방어력 4 (1~9) / 맷집 1 (1~6)","","23000","5","0.0080%","아니오"
"drop_oneHandedSword_1","신입 결재검","전사","무기","oneHandedSword","1","","공격력 7","공격력 7 (2~12)","1.06","30000","7","0.0080%","아니오"
"event_two_handed_sword","체험용 두손검","전사","무기","twoHandedSword","1","","공격력 20","공격력 20 (15~25)","1","1","7","","아니오"
"event_two_handed_axe","체험용 두손도끼","전사","무기","twoHandedAxe","1","","공격력 20","공격력 20 (15~25)","0.8","1","7","","아니오"
"event_spear","체험용 창","전사","무기","spear","1","","공격력 20","공격력 20 (15~25)","0.6","1","7","","아니오"
"event_polearm","체험용 폴암","전사","무기","polearm","1","","공격력 20","공격력 20 (15~25)","0.6","1","7","","아니오"
"event_one_handed_sword","체험용 한손검","전사","무기","oneHandedSword","1","","공격력 20","공격력 20 (15~25)","1.2","1","7","","아니오"
"event_one_handed_axe","체험용 한손도끼","전사","무기","oneHandedAxe","1","","공격력 20","공격력 20 (15~25)","1","1","7","","아니오"
"blessed_settlement_necklace","축복받은 목걸이","전사/궁수/도적/마법사","necklace","","5","","맷집 4 / 처리속도 4 / 업무지식 4 / 눈치 4 / 방어력 30 / 최대 체력 50 / 이동속도 10","맷집 4 (1~9) / 처리속도 4 (1~9) / 업무지식 4 (1~9) / 눈치 4 (1~9) / 방어력 30 (25~35) / 최대 체력 50 (45~55) / 이동속도 10 (5~15)","","1","3","","아니오"
"shield_warrior_5","출입교육 목재방패","전사","shield","","5","","방어력 5","방어력 5 (1~10)","","23000","7","0.0080%","아니오"
"drop_archer_bottom_10","정산입문 근무바지","궁수","하의","","10","","방어력 9 / 처리속도 1","방어력 9 (4~14) / 처리속도 1 (1~6)","","23000","5","0.0030%","아니오"
"drop_archer_gloves_10","정산입문 업무장갑","궁수","장갑","","10","","방어력 6 / 처리속도 1","방어력 6 (1~11) / 처리속도 1 (1~6)","","23000","5","0.0050%","아니오"
"drop_archer_helmet_10","정산입문 보호모","궁수","투구","","10","","방어력 10 / 처리속도 1","방어력 10 (5~15) / 처리속도 1 (1~6)","","23000","10","0.0040%","아니오"
"drop_archer_shoes_10","정산입문 근무화","궁수","신발","","10","","방어력 5 / 처리속도 1","방어력 5 (1~10) / 처리속도 1 (1~6)","","21000","5","0.0060%","아니오"
"drop_archer_top_10","정산입문 업무복","궁수","상의","","10","","방어력 12 / 처리속도 1","방어력 12 (7~17) / 처리속도 1 (1~6)","","23000","5","0.0070%","아니오"
"drop_crossbow_10","수습 결산석궁","궁수","무기","crossbow","10","맷집 10","공격력 16","공격력 16 (11~21)","0.9","30000","7","0.0050%","아니오"
"drop_bow_10","수습 홍보장궁","궁수","무기","bow","10","맷집 15","공격력 13","공격력 13 (8~18)","1","30000","7","0.0040%","아니오"
"drop_mage_bottom_10","개발입문 근무바지","마법사","하의","","10","","방어력 9 / 업무지식 1 / 마법방어력 5","방어력 9 (4~14) / 업무지식 1 (1~6) / 마법방어력 5 (1~10)","","23000","5","0.0060%","아니오"
"drop_mage_gloves_10","개발입문 업무장갑","마법사","장갑","","10","","방어력 6 / 업무지식 1 / 마법방어력 3","방어력 6 (1~11) / 업무지식 1 (1~6) / 마법방어력 3 (1~8)","","23000","5","0.0080%","아니오"
"drop_mage_helmet_10","개발입문 보호모","마법사","투구","","10","","방어력 10 / 업무지식 1 / 마법방어력 5","방어력 10 (5~15) / 업무지식 1 (1~6) / 마법방어력 5 (1~10)","","23000","10","0.0070%","아니오"
"drop_mage_shoes_10","개발입문 근무화","마법사","신발","","10","","방어력 5 / 업무지식 1 / 마법방어력 3","방어력 5 (1~10) / 업무지식 1 (1~6) / 마법방어력 3 (1~8)","","21000","5","0.0060%","아니오"
"drop_mage_top_10","개발입문 업무복","마법사","상의","","10","","방어력 12 / 업무지식 1 / 마법방어력 6","방어력 12 (7~17) / 업무지식 1 (1~6) / 마법방어력 6 (1~11)","","23000","5","0.0030%","아니오"
"drop_wand_10","수습 개발완드","마법사","무기","wand","10","눈치 12","공격력 4 / 마력 15","공격력 4 (1~9) / 마력 15 (10~20)","1.12","30000","7","0.0020%","아니오"
"drop_staff_10","수습 연구스태프","마법사","무기","staff","10","눈치 13","공격력 4 / 마력 15","공격력 4 (1~9) / 마력 15 (10~20)","0.9","30000","7","0.0080%","아니오"
"drop_thief_bottom_10","계약수습 근무바지","도적","하의","","10","","방어력 9 / 눈치 1","방어력 9 (4~14) / 눈치 1 (1~6)","","23000","5","0.0070%","아니오"
"drop_thief_gloves_10","계약수습 업무장갑","도적","장갑","","10","","방어력 6 / 눈치 1","방어력 6 (1~11) / 눈치 1 (1~6)","","23000","5","0.0060%","아니오"
"drop_thief_helmet_10","계약수습 보호모","도적","투구","","10","","방어력 10 / 눈치 1","방어력 10 (5~15) / 눈치 1 (1~6)","","23000","10","0.0050%","아니오"
"drop_thief_shoes_10","계약수습 근무화","도적","신발","","10","","방어력 5 / 눈치 1","방어력 5 (1~10) / 눈치 1 (1~6)","","21000","5","0.0050%","아니오"
"drop_thief_top_10","계약수습 업무복","도적","상의","","10","","방어력 12 / 눈치 1","방어력 12 (7~17) / 눈치 1 (1~6)","","23000","5","0.0050%","아니오"
"drop_claw_10","수습 계약아대","도적","무기","claw","10","처리속도 50","공격력 13","공격력 13 (8~18)","1.12","30000","7","0.0030%","아니오"
"drop_dagger_10","수습 시설단검","도적","무기","dagger","10","처리속도 50","공격력 13","공격력 13 (8~18)","1.06","30000","7","0.0020%","아니오"
"drop_warrior_bottom_10","수습방호 근무바지","전사","하의","","10","","방어력 9 / 맷집 1","방어력 9 (4~14) / 맷집 1 (1~6)","","23000","5","0.0020%","아니오"
"drop_warrior_gloves_10","수습방호 업무장갑","전사","장갑","","10","","방어력 6 / 맷집 1","방어력 6 (1~11) / 맷집 1 (1~6)","","23000","5","0.0040%","아니오"
"drop_warrior_helmet_10","수습방호 보호모","전사","투구","","10","","방어력 10 / 맷집 1","방어력 10 (5~15) / 맷집 1 (1~6)","","23000","10","0.0030%","아니오"
"drop_warrior_shoes_10","수습방호 근무화","전사","신발","","10","","방어력 5 / 맷집 1","방어력 5 (1~10) / 맷집 1 (1~6)","","21000","5","0.0080%","아니오"
"drop_warrior_top_10","수습방호 업무복","전사","상의","","10","","방어력 12 / 맷집 1","방어력 12 (7~17) / 맷집 1 (1~6)","","23000","5","0.0030%","아니오"
"drop_oneHandedSword_10","수습 결재검","전사","무기","oneHandedSword","10","","공격력 13","공격력 13 (8~18)","1.06","30000","7","0.0030%","아니오"
"drop_twoHandedAxe_10","수습 공정파쇄도끼","전사","무기","twoHandedAxe","10","","공격력 16","공격력 16 (11~21)","0.82","30000","7","0.0020%","아니오"
"drop_twoHandedSword_10","수습 보고대검","전사","무기","twoHandedSword","10","","공격력 13","공격력 13 (8~18)","1","30000","7","0.0030%","아니오"
"drop_oneHandedBlunt_10","수습 승인망치","전사","무기","oneHandedBlunt","10","","공격력 13","공격력 13 (8~18)","1.06","30000","7","0.0050%","아니오"
"drop_spear_10","수습 점검창","전사","무기","spear","10","","공격력 16","공격력 16 (11~21)","0.82","30000","7","0.0030%","아니오"
"drop_oneHandedAxe_10","수습 정리도끼","전사","무기","oneHandedAxe","10","","공격력 13","공격력 13 (8~18)","1.06","30000","7","0.0060%","아니오"
"drop_polearm_10","수습 집행폴암","전사","무기","polearm","10","","공격력 16","공격력 16 (11~21)","0.82","30000","7","0.0020%","아니오"
"shield_warrior_15","현장점검 강철방패","전사","shield","","15","맷집 40","방어력 15","방어력 15 (10~20)","","30555","7","0.0050%","아니오"
"drop_common_cape_20","신입의 출입증 망토","전사/궁수/도적/마법사","망토","","20","","방어력 8 / 회피율 1","방어력 8 (3~13) / 회피율 1 (1~6)","","40409","5","0.0050%","아니오"
"drop_common_earrings_20","사내 메신저 이어셋","전사/궁수/도적/마법사","귀걸이","","20","","마법방어력 6 / 명중률 1","마법방어력 6 (1~11) / 명중률 1 (1~6)","","29184","5","0.0060%","아니오"
"drop_archer_bottom_20","초급정산 근무바지","궁수","하의","","20","","방어력 16 / 처리속도 1","방어력 16 (11~21) / 처리속도 1 (1~6)","","43103","5","0.0060%","아니오"
"drop_archer_gloves_20","초급정산 업무장갑","궁수","장갑","","20","","방어력 10 / 처리속도 1","방어력 10 (5~15) / 처리속도 1 (1~6)","","39511","5","0.0080%","아니오"
"drop_archer_helmet_20","초급정산 보호모","궁수","투구","","20","","방어력 17 / 처리속도 1","방어력 17 (12~22) / 처리속도 1 (1~6)","","41756","10","0.0070%","아니오"
"drop_archer_shoes_20","초급정산 근무화","궁수","신발","","20","","방어력 9 / 처리속도 1","방어력 9 (4~14) / 처리속도 1 (1~6)","","35021","5","0.0020%","아니오"
"drop_archer_top_20","초급정산 업무복","궁수","상의","","20","","방어력 21 / 처리속도 1","방어력 21 (16~26) / 처리속도 1 (1~6)","","44899","5","0.0030%","아니오"
"drop_crossbow_20","칼퇴 결산석궁","궁수","무기","crossbow","20","맷집 20","공격력 23","공격력 23 (18~28)","0.9","58369","7","0.0080%","아니오"
"drop_bow_20","칼퇴 홍보장궁","궁수","무기","bow","20","맷집 25","공격력 20","공격력 20 (15~25)","1","58369","7","0.0070%","아니오"
"drop_mage_bottom_20","초급개발 근무바지","마법사","하의","","20","","방어력 16 / 업무지식 1 / 마법방어력 9","방어력 16 (11~21) / 업무지식 1 (1~6) / 마법방어력 9 (4~14)","","43103","5","0.0020%","아니오"
"drop_mage_gloves_20","초급개발 업무장갑","마법사","장갑","","20","","방어력 10 / 업무지식 1 / 마법방어력 6","방어력 10 (5~15) / 업무지식 1 (1~6) / 마법방어력 6 (1~11)","","39511","5","0.0040%","아니오"
"drop_mage_helmet_20","초급개발 보호모","마법사","투구","","20","","방어력 17 / 업무지식 1 / 마법방어력 10","방어력 17 (12~22) / 업무지식 1 (1~6) / 마법방어력 10 (5~15)","","41756","10","0.0030%","아니오"
"drop_mage_shoes_20","초급개발 근무화","마법사","신발","","20","","방어력 9 / 업무지식 1 / 마법방어력 5","방어력 9 (4~14) / 업무지식 1 (1~6) / 마법방어력 5 (1~10)","","35021","5","0.0020%","아니오"
"drop_mage_top_20","초급개발 업무복","마법사","상의","","20","","방어력 21 / 업무지식 1 / 마법방어력 12","방어력 21 (16~26) / 업무지식 1 (1~6) / 마법방어력 12 (7~17)","","44899","5","0.0060%","아니오"
"drop_wand_20","칼퇴 개발완드","마법사","무기","wand","20","눈치 22","공격력 6 / 마력 23","공격력 6 (1~11) / 마력 23 (18~28)","1.12","58369","7","0.0050%","아니오"
"drop_staff_20","칼퇴 연구스태프","마법사","무기","staff","20","눈치 23","공격력 6 / 마력 23","공격력 6 (1~11) / 마력 23 (18~28)","0.9","58369","7","0.0040%","아니오"
"drop_thief_bottom_20","첫 계약 근무바지","도적","하의","","20","","방어력 16 / 눈치 1","방어력 16 (11~21) / 눈치 1 (1~6)","","43103","5","0.0030%","아니오"
"drop_thief_gloves_20","첫 계약 업무장갑","도적","장갑","","20","","방어력 10 / 눈치 1","방어력 10 (5~15) / 눈치 1 (1~6)","","39511","5","0.0020%","아니오"
"drop_thief_helmet_20","첫 계약 보호모","도적","투구","","20","","방어력 17 / 눈치 1","방어력 17 (12~22) / 눈치 1 (1~6)","","41756","10","0.0080%","아니오"
"drop_thief_shoes_20","첫 계약 근무화","도적","신발","","20","","방어력 9 / 눈치 1","방어력 9 (4~14) / 눈치 1 (1~6)","","35021","5","0.0080%","아니오"
"drop_thief_top_20","첫 계약 업무복","도적","상의","","20","","방어력 21 / 눈치 1","방어력 21 (16~26) / 눈치 1 (1~6)","","44899","5","0.0080%","아니오"
"drop_claw_20","칼퇴 계약아대","도적","무기","claw","20","처리속도 60","공격력 20","공격력 20 (15~25)","1.12","58369","7","0.0060%","아니오"
"drop_dagger_20","칼퇴 시설단검","도적","무기","dagger","20","처리속도 60","공격력 20","공격력 20 (15~25)","1.06","58369","7","0.0050%","아니오"
"drop_warrior_bottom_20","첫 출근 근무바지","전사","하의","","20","","방어력 16 / 맷집 1","방어력 16 (11~21) / 맷집 1 (1~6)","","43103","5","0.0050%","아니오"
"drop_warrior_gloves_20","첫 출근 업무장갑","전사","장갑","","20","","방어력 10 / 맷집 1","방어력 10 (5~15) / 맷집 1 (1~6)","","39511","5","0.0070%","아니오"
"drop_warrior_helmet_20","첫 출근 보호모","전사","투구","","20","","방어력 17 / 맷집 1","방어력 17 (12~22) / 맷집 1 (1~6)","","41756","10","0.0060%","아니오"
"shield_warrior_20","초급결재 미스릴방패","전사","shield","","20","맷집 55","방어력 20","방어력 20 (15~25)","","40409","7","0.0030%","아니오"
"drop_warrior_shoes_20","첫 출근 근무화","전사","신발","","20","","방어력 9 / 맷집 1","방어력 9 (4~14) / 맷집 1 (1~6)","","35021","5","0.0040%","아니오"
"drop_warrior_top_20","첫 출근 업무복","전사","상의","","20","","방어력 21 / 맷집 1","방어력 21 (16~26) / 맷집 1 (1~6)","","44899","5","0.0060%","아니오"
"drop_oneHandedSword_20","칼퇴 결재검","전사","무기","oneHandedSword","20","","공격력 20","공격력 20 (15~25)","1.06","58369","7","0.0060%","아니오"
"drop_twoHandedAxe_20","칼퇴 공정파쇄도끼","전사","무기","twoHandedAxe","20","","공격력 23","공격력 23 (18~28)","0.82","58369","7","0.0050%","아니오"
"drop_twoHandedSword_20","칼퇴 보고대검","전사","무기","twoHandedSword","20","","공격력 20","공격력 20 (15~25)","1","58369","7","0.0060%","아니오"
"drop_oneHandedBlunt_20","칼퇴 승인망치","전사","무기","oneHandedBlunt","20","","공격력 20","공격력 20 (15~25)","1.06","58369","7","0.0080%","아니오"
"drop_spear_20","칼퇴 점검창","전사","무기","spear","20","","공격력 23","공격력 23 (18~28)","0.82","58369","7","0.0060%","아니오"
"drop_oneHandedAxe_20","칼퇴 정리도끼","전사","무기","oneHandedAxe","20","","공격력 20","공격력 20 (15~25)","1.06","58369","7","0.0020%","아니오"
"drop_polearm_20","칼퇴 집행폴암","전사","무기","polearm","20","","공격력 23","공격력 23 (18~28)","0.82","58369","7","0.0050%","아니오"
"shield_mage_22","비상복구 미스틱방패","마법사","shield","","22","업무지식 68 / 눈치 22","방어력 10 / 마법방어력 10 / 업무지식 1","방어력 10 (5~15) / 마법방어력 10 (5~15) / 업무지식 1 (1~6)","","44351","7","0.0020%","아니오"
"shield_warrior_25","적색경보 삼각방패","전사","shield","","25","맷집 70","방어력 25","방어력 25 (20~30)","","50264","7","0.0080%","아니오"
"drop_archer_bottom_30","수치검토 근무바지","궁수","하의","","30","","방어력 23 / 처리속도 1","방어력 23 (18~28) / 처리속도 1 (1~6)","","64127","5","0.0020%","아니오"
"drop_archer_gloves_30","수치검토 업무장갑","궁수","장갑","","30","","방어력 14 / 처리속도 1","방어력 14 (9~19) / 처리속도 1 (1~6)","","58783","5","0.0040%","아니오"
"drop_archer_helmet_30","수치검토 보호모","궁수","투구","","30","","방어력 25 / 처리속도 1","방어력 25 (20~30) / 처리속도 1 (1~6)","","62123","10","0.0030%","아니오"
"drop_archer_shoes_30","수치검토 근무화","궁수","신발","","30","","방어력 13 / 처리속도 1","방어력 13 (8~18) / 처리속도 1 (1~6)","","52103","5","0.0050%","아니오"
"drop_archer_top_30","수치검토 업무복","궁수","상의","","30","","방어력 29 / 처리속도 1","방어력 29 (24~34) / 처리속도 1 (1~6)","","66799","5","0.0060%","아니오"
"drop_crossbow_30","결재선 결산석궁","궁수","무기","crossbow","30","맷집 30","공격력 31 / 처리속도 1","공격력 31 (26~36) / 처리속도 1 (1~6)","0.9","86839","7","0.0040%","아니오"
"drop_bow_30","결재선 홍보장궁","궁수","무기","bow","30","맷집 35","공격력 28 / 처리속도 1","공격력 28 (23~33) / 처리속도 1 (1~6)","1","86839","7","0.0030%","아니오"
"drop_mage_bottom_30","장애대응 근무바지","마법사","하의","","30","","방어력 23 / 업무지식 1 / 마법방어력 14","방어력 23 (18~28) / 업무지식 1 (1~6) / 마법방어력 14 (9~19)","","64127","5","0.0050%","아니오"
"drop_mage_gloves_30","장애대응 업무장갑","마법사","장갑","","30","","방어력 14 / 업무지식 1 / 마법방어력 9","방어력 14 (9~19) / 업무지식 1 (1~6) / 마법방어력 9 (4~14)","","58783","5","0.0070%","아니오"
"drop_mage_helmet_30","장애대응 보호모","마법사","투구","","30","","방어력 25 / 업무지식 1 / 마법방어력 15","방어력 25 (20~30) / 업무지식 1 (1~6) / 마법방어력 15 (10~20)","","62123","10","0.0060%","아니오"
"drop_mage_shoes_30","장애대응 근무화","마법사","신발","","30","","방어력 13 / 업무지식 1 / 마법방어력 8","방어력 13 (8~18) / 업무지식 1 (1~6) / 마법방어력 8 (3~13)","","52103","5","0.0050%","아니오"
"drop_mage_top_30","장애대응 업무복","마법사","상의","","30","","방어력 29 / 업무지식 1 / 마법방어력 18","방어력 29 (24~34) / 업무지식 1 (1~6) / 마법방어력 18 (13~23)","","66799","5","0.0020%","아니오"
"drop_wand_30","결재선 개발완드","마법사","무기","wand","30","눈치 32","공격력 7 / 마력 32 / 업무지식 1","공격력 7 (2~12) / 마력 32 (27~37) / 업무지식 1 (1~6)","1.12","86839","7","0.0080%","아니오"
"drop_staff_30","결재선 연구스태프","마법사","무기","staff","30","눈치 33","공격력 7 / 마력 32 / 업무지식 1","공격력 7 (2~12) / 마력 32 (27~37) / 업무지식 1 (1~6)","0.9","86839","7","0.0070%","아니오"
"drop_thief_bottom_30","협상연습 근무바지","도적","하의","","30","","방어력 23 / 눈치 1","방어력 23 (18~28) / 눈치 1 (1~6)","","64127","5","0.0060%","아니오"
"drop_thief_gloves_30","협상연습 업무장갑","도적","장갑","","30","","방어력 14 / 눈치 1","방어력 14 (9~19) / 눈치 1 (1~6)","","58783","5","0.0050%","아니오"
"drop_thief_helmet_30","협상연습 보호모","도적","투구","","30","","방어력 25 / 눈치 1","방어력 25 (20~30) / 눈치 1 (1~6)","","62123","10","0.0040%","아니오"
"drop_thief_shoes_30","협상연습 근무화","도적","신발","","30","","방어력 13 / 눈치 1","방어력 13 (8~18) / 눈치 1 (1~6)","","52103","5","0.0040%","아니오"
"drop_thief_top_30","협상연습 업무복","도적","상의","","30","","방어력 29 / 눈치 1","방어력 29 (24~34) / 눈치 1 (1~6)","","66799","5","0.0040%","아니오"
"drop_claw_30","결재선 계약아대","도적","무기","claw","30","처리속도 70","공격력 28 / 눈치 1","공격력 28 (23~33) / 눈치 1 (1~6)","1.12","86839","7","0.0020%","아니오"
"drop_dagger_30","결재선 시설단검","도적","무기","dagger","30","처리속도 70","공격력 28 / 눈치 1","공격력 28 (23~33) / 눈치 1 (1~6)","1.06","86839","7","0.0080%","아니오"
"drop_warrior_bottom_30","현장적응 근무바지","전사","하의","","30","","방어력 23 / 맷집 1","방어력 23 (18~28) / 맷집 1 (1~6)","","64127","5","0.0080%","아니오"
"drop_warrior_gloves_30","현장적응 업무장갑","전사","장갑","","30","","방어력 14 / 맷집 1","방어력 14 (9~19) / 맷집 1 (1~6)","","58783","5","0.0030%","아니오"
"drop_warrior_helmet_30","현장적응 보호모","전사","투구","","30","","방어력 25 / 맷집 1","방어력 25 (20~30) / 맷집 1 (1~6)","","62123","10","0.0020%","아니오"
"shield_warrior_30","응급대응 십자방패","전사","shield","","30","맷집 90","방어력 30","방어력 30 (25~35)","","60119","7","0.0060%","아니오"
"drop_warrior_shoes_30","현장적응 근무화","전사","신발","","30","","방어력 13 / 맷집 1","방어력 13 (8~18) / 맷집 1 (1~6)","","52103","5","0.0070%","아니오"
"drop_warrior_top_30","현장적응 업무복","전사","상의","","30","","방어력 29 / 맷집 1","방어력 29 (24~34) / 맷집 1 (1~6)","","66799","5","0.0020%","아니오"
"drop_oneHandedSword_30","결재선 결재검","전사","무기","oneHandedSword","30","","공격력 28 / 맷집 1","공격력 28 (23~33) / 맷집 1 (1~6)","1.06","86839","7","0.0020%","아니오"
"drop_twoHandedAxe_30","결재선 공정파쇄도끼","전사","무기","twoHandedAxe","30","","공격력 31 / 맷집 1","공격력 31 (26~36) / 맷집 1 (1~6)","0.82","86839","7","0.0080%","아니오"
"drop_twoHandedSword_30","결재선 보고대검","전사","무기","twoHandedSword","30","","공격력 28 / 맷집 1","공격력 28 (23~33) / 맷집 1 (1~6)","1","86839","7","0.0020%","아니오"
"drop_oneHandedBlunt_30","결재선 승인망치","전사","무기","oneHandedBlunt","30","","공격력 28 / 맷집 1","공격력 28 (23~33) / 맷집 1 (1~6)","1.06","86839","7","0.0040%","아니오"
"drop_spear_30","결재선 점검창","전사","무기","spear","30","","공격력 31 / 맷집 1","공격력 31 (26~36) / 맷집 1 (1~6)","0.82","86839","7","0.0020%","아니오"
"drop_oneHandedAxe_30","결재선 정리도끼","전사","무기","oneHandedAxe","30","","공격력 28 / 맷집 1","공격력 28 (23~33) / 맷집 1 (1~6)","1.06","86839","7","0.0050%","아니오"
"drop_polearm_30","결재선 집행폴암","전사","무기","polearm","30","","공격력 31 / 맷집 1","공격력 31 (26~36) / 맷집 1 (1~6)","0.82","86839","7","0.0080%","아니오"
"shield_mage_33","서비스안정 에스터방패","마법사","shield","","33","업무지식 100 / 눈치 35","방어력 15 / 마법방어력 20 / 업무지식 1","방어력 15 (10~20) / 마법방어력 20 (15~25) / 업무지식 1 (1~6)","","66032","7","0.0060%","아니오"
"shield_warrior_35","분쟁조정 전투방패","전사","shield","","35","맷집 120","방어력 35","방어력 35 (30~40)","","69973","7","0.0040%","아니오"
"drop_common_cape_40","방풍 출퇴근 망토","전사/궁수/도적/마법사","망토","","40","","방어력 15 / 회피율 1","방어력 15 (10~20) / 회피율 1 (1~6)","","79828","5","0.0040%","아니오"
"drop_common_earrings_40","업무집중 이어셋","전사/궁수/도적/마법사","귀걸이","","40","","마법방어력 11 / 명중률 1","마법방어력 11 (6~16) / 명중률 1 (1~6)","","57654","5","0.0050%","아니오"
"drop_archer_bottom_40","오차없는 근무바지","궁수","하의","","40","","방어력 29 / 처리속도 2","방어력 29 (24~34) / 처리속도 2 (1~7)","","85150","5","0.0050%","아니오"
"drop_archer_gloves_40","오차없는 업무장갑","궁수","장갑","","40","","방어력 18 / 처리속도 2","방어력 18 (13~23) / 처리속도 2 (1~7)","","78054","5","0.0070%","아니오"
"drop_archer_helmet_40","오차없는 보호모","궁수","투구","","40","","방어력 32 / 처리속도 2","방어력 32 (27~37) / 처리속도 2 (1~7)","","82489","10","0.0060%","아니오"
"drop_archer_shoes_40","오차없는 근무화","궁수","신발","","40","","방어력 17 / 처리속도 2","방어력 17 (12~22) / 처리속도 2 (1~7)","","69184","5","0.0080%","아니오"
"drop_archer_top_40","오차없는 업무복","궁수","상의","","40","","방어력 38 / 처리속도 2","방어력 38 (33~43) / 처리속도 2 (1~7)","","88698","5","0.0020%","아니오"
"drop_crossbow_40","실무 결산석궁","궁수","무기","crossbow","40","맷집 40","공격력 38 / 처리속도 1","공격력 38 (33~43) / 처리속도 1 (1~6)","0.9","115307","7","0.0070%","아니오"
"drop_bow_40","실무 홍보장궁","궁수","무기","bow","40","맷집 45","공격력 35 / 처리속도 1","공격력 35 (30~40) / 처리속도 1 (1~6)","1","115307","7","0.0060%","아니오"
"drop_mage_bottom_40","서비스안정 근무바지","마법사","하의","","40","","방어력 29 / 업무지식 2 / 마법방어력 18","방어력 29 (24~34) / 업무지식 2 (1~7) / 마법방어력 18 (13~23)","","85150","5","0.0080%","아니오"
"drop_mage_gloves_40","서비스안정 업무장갑","마법사","장갑","","40","","방어력 18 / 업무지식 2 / 마법방어력 12","방어력 18 (13~23) / 업무지식 2 (1~7) / 마법방어력 12 (7~17)","","78054","5","0.0030%","아니오"
"drop_mage_helmet_40","서비스안정 보호모","마법사","투구","","40","","방어력 32 / 업무지식 2 / 마법방어력 20","방어력 32 (27~37) / 업무지식 2 (1~7) / 마법방어력 20 (15~25)","","82489","10","0.0020%","아니오"
"drop_mage_shoes_40","서비스안정 근무화","마법사","신발","","40","","방어력 17 / 업무지식 2 / 마법방어력 10","방어력 17 (12~22) / 업무지식 2 (1~7) / 마법방어력 10 (5~15)","","69184","5","0.0080%","아니오"
"drop_mage_top_40","서비스안정 업무복","마법사","상의","","40","","방어력 38 / 업무지식 2 / 마법방어력 24","방어력 38 (33~43) / 업무지식 2 (1~7) / 마법방어력 24 (19~29)","","88698","5","0.0050%","아니오"
"drop_wand_40","실무 개발완드","마법사","무기","wand","40","눈치 42","공격력 9 / 마력 40 / 업무지식 1","공격력 9 (4~14) / 마력 40 (35~45) / 업무지식 1 (1~6)","1.12","115307","7","0.0040%","아니오"
"drop_staff_40","실무 연구스태프","마법사","무기","staff","40","눈치 43","공격력 9 / 마력 40 / 업무지식 1","공격력 9 (4~14) / 마력 40 (35~45) / 업무지식 1 (1~6)","0.9","115307","7","0.0030%","아니오"
"drop_thief_bottom_40","은밀협상 근무바지","도적","하의","","40","","방어력 29 / 눈치 2","방어력 29 (24~34) / 눈치 2 (1~7)","","85150","5","0.0020%","아니오"
"drop_thief_gloves_40","은밀협상 업무장갑","도적","장갑","","40","","방어력 18 / 눈치 2","방어력 18 (13~23) / 눈치 2 (1~7)","","78054","5","0.0080%","아니오"
"drop_thief_helmet_40","은밀협상 보호모","도적","투구","","40","","방어력 32 / 눈치 2","방어력 32 (27~37) / 눈치 2 (1~7)","","82489","10","0.0070%","아니오"
"drop_thief_shoes_40","은밀협상 근무화","도적","신발","","40","","방어력 17 / 눈치 2","방어력 17 (12~22) / 눈치 2 (1~7)","","69184","5","0.0070%","아니오"
"drop_thief_top_40","은밀협상 업무복","도적","상의","","40","","방어력 38 / 눈치 2","방어력 38 (33~43) / 눈치 2 (1~7)","","88698","5","0.0070%","아니오"
"drop_claw_40","실무 계약아대","도적","무기","claw","40","처리속도 80","공격력 35 / 눈치 1","공격력 35 (30~40) / 눈치 1 (1~6)","1.12","115307","7","0.0050%","아니오"
"drop_dagger_40","실무 시설단검","도적","무기","dagger","40","처리속도 80","공격력 35 / 눈치 1","공격력 35 (30~40) / 눈치 1 (1~6)","1.06","115307","7","0.0040%","아니오"
"drop_warrior_bottom_40","안전제일 근무바지","전사","하의","","40","","방어력 29 / 맷집 2","방어력 29 (24~34) / 맷집 2 (1~7)","","85150","5","0.0040%","아니오"
"drop_warrior_gloves_40","안전제일 업무장갑","전사","장갑","","40","","방어력 18 / 맷집 2","방어력 18 (13~23) / 맷집 2 (1~7)","","78054","5","0.0060%","아니오"
"drop_warrior_helmet_40","안전제일 보호모","전사","투구","","40","","방어력 32 / 맷집 2","방어력 32 (27~37) / 맷집 2 (1~7)","","82489","10","0.0050%","아니오"
"shield_warrior_40","철야경비 타워방패","전사","shield","","40","맷집 130","방어력 40 / 맷집 2","방어력 40 (35~45) / 맷집 2 (1~7)","","79828","7","0.0020%","아니오"
"drop_warrior_shoes_40","안전제일 근무화","전사","신발","","40","","방어력 17 / 맷집 2","방어력 17 (12~22) / 맷집 2 (1~7)","","69184","5","0.0030%","아니오"
"drop_warrior_top_40","안전제일 업무복","전사","상의","","40","","방어력 38 / 맷집 2","방어력 38 (33~43) / 맷집 2 (1~7)","","88698","5","0.0050%","아니오"
"drop_oneHandedSword_40","실무 결재검","전사","무기","oneHandedSword","40","","공격력 35 / 맷집 1","공격력 35 (30~40) / 맷집 1 (1~6)","1.06","115307","7","0.0050%","아니오"
"drop_twoHandedAxe_40","실무 공정파쇄도끼","전사","무기","twoHandedAxe","40","","공격력 38 / 맷집 1","공격력 38 (33~43) / 맷집 1 (1~6)","0.82","115307","7","0.0040%","아니오"
"drop_twoHandedSword_40","실무 보고대검","전사","무기","twoHandedSword","40","","공격력 35 / 맷집 1","공격력 35 (30~40) / 맷집 1 (1~6)","1","115307","7","0.0050%","아니오"
"drop_oneHandedBlunt_40","실무 승인망치","전사","무기","oneHandedBlunt","40","","공격력 35 / 맷집 1","공격력 35 (30~40) / 맷집 1 (1~6)","1.06","115307","7","0.0070%","아니오"
"drop_spear_40","실무 점검창","전사","무기","spear","40","","공격력 38 / 맷집 1","공격력 38 (33~43) / 맷집 1 (1~6)","0.82","115307","7","0.0050%","아니오"
"drop_oneHandedAxe_40","실무 정리도끼","전사","무기","oneHandedAxe","40","","공격력 35 / 맷집 1","공격력 35 (30~40) / 맷집 1 (1~6)","1.06","115307","7","0.0080%","아니오"
"drop_polearm_40","실무 집행폴암","전사","무기","polearm","40","","공격력 38 / 맷집 1","공격력 38 (33~43) / 맷집 1 (1~6)","0.82","115307","7","0.0040%","아니오"
"drop_archer_bottom_50","정밀훈련 근무바지","궁수","하의","","50","","방어력 36 / 처리속도 2","방어력 36 (31~41) / 처리속도 2 (1~7)","","106174","5","0.0080%","아니오"
"drop_archer_gloves_50","정밀훈련 업무장갑","궁수","장갑","","50","","방어력 23 / 처리속도 2","방어력 23 (18~28) / 처리속도 2 (1~7)","","97326","5","0.0030%","아니오"
"drop_archer_helmet_50","정밀훈련 보호모","궁수","투구","","50","","방어력 39 / 처리속도 2","방어력 39 (34~44) / 처리속도 2 (1~7)","","102856","10","0.0020%","아니오"
"drop_archer_shoes_50","정밀훈련 근무화","궁수","신발","","50","","방어력 20 / 처리속도 2","방어력 20 (15~25) / 처리속도 2 (1~7)","","86266","5","0.0040%","아니오"
"drop_archer_top_50","정밀훈련 업무복","궁수","상의","","50","","방어력 46 / 처리속도 2","방어력 46 (41~51) / 처리속도 2 (1~7)","","110598","5","0.0050%","아니오"
"drop_crossbow_50","야근 결산석궁","궁수","무기","crossbow","50","맷집 50","공격력 45 / 처리속도 1","공격력 45 (40~50) / 처리속도 1 (1~6)","0.9","143777","7","0.0030%","아니오"
"drop_bow_50","야근 홍보장궁","궁수","무기","bow","50","맷집 55","공격력 42 / 처리속도 1","공격력 42 (37~47) / 처리속도 1 (1~6)","1","143777","7","0.0020%","아니오"
"drop_mage_bottom_50","연구실습 근무바지","마법사","하의","","50","","방어력 36 / 업무지식 2 / 마법방어력 23","방어력 36 (31~41) / 업무지식 2 (1~7) / 마법방어력 23 (18~28)","","106174","5","0.0040%","아니오"
"drop_mage_gloves_50","연구실습 업무장갑","마법사","장갑","","50","","방어력 23 / 업무지식 2 / 마법방어력 14","방어력 23 (18~28) / 업무지식 2 (1~7) / 마법방어력 14 (9~19)","","97326","5","0.0060%","아니오"
"drop_mage_helmet_50","연구실습 보호모","마법사","투구","","50","","방어력 39 / 업무지식 2 / 마법방어력 25","방어력 39 (34~44) / 업무지식 2 (1~7) / 마법방어력 25 (20~30)","","102856","10","0.0050%","아니오"
"drop_mage_shoes_50","연구실습 근무화","마법사","신발","","50","","방어력 20 / 업무지식 2 / 마법방어력 13","방어력 20 (15~25) / 업무지식 2 (1~7) / 마법방어력 13 (8~18)","","86266","5","0.0040%","아니오"
"drop_mage_top_50","연구실습 업무복","마법사","상의","","50","","방어력 46 / 업무지식 2 / 마법방어력 30","방어력 46 (41~51) / 업무지식 2 (1~7) / 마법방어력 30 (25~35)","","110598","5","0.0080%","아니오"
"drop_wand_50","야근 개발완드","마법사","무기","wand","50","눈치 52","공격력 11 / 마력 48 / 업무지식 1","공격력 11 (6~16) / 마력 48 (43~53) / 업무지식 1 (1~6)","1.12","143777","7","0.0070%","아니오"
"drop_staff_50","야근 연구스태프","마법사","무기","staff","50","눈치 53","공격력 11 / 마력 48 / 업무지식 1","공격력 11 (6~16) / 마력 48 (43~53) / 업무지식 1 (1~6)","0.9","143777","7","0.0060%","아니오"
"drop_thief_bottom_50","잠입준비 근무바지","도적","하의","","50","","방어력 36 / 눈치 2","방어력 36 (31~41) / 눈치 2 (1~7)","","106174","5","0.0050%","아니오"
"drop_thief_gloves_50","잠입준비 업무장갑","도적","장갑","","50","","방어력 23 / 눈치 2","방어력 23 (18~28) / 눈치 2 (1~7)","","97326","5","0.0040%","아니오"
"drop_thief_helmet_50","잠입준비 보호모","도적","투구","","50","","방어력 39 / 눈치 2","방어력 39 (34~44) / 눈치 2 (1~7)","","102856","10","0.0030%","아니오"
"drop_thief_shoes_50","잠입준비 근무화","도적","신발","","50","","방어력 20 / 눈치 2","방어력 20 (15~25) / 눈치 2 (1~7)","","86266","5","0.0030%","아니오"
"drop_thief_top_50","잠입준비 업무복","도적","상의","","50","","방어력 46 / 눈치 2","방어력 46 (41~51) / 눈치 2 (1~7)","","110598","5","0.0030%","아니오"
"drop_claw_50","야근 계약아대","도적","무기","claw","50","처리속도 90","공격력 42 / 눈치 1","공격력 42 (37~47) / 눈치 1 (1~6)","1.12","143777","7","0.0080%","아니오"
"drop_dagger_50","야근 시설단검","도적","무기","dagger","50","처리속도 90","공격력 42 / 눈치 1","공격력 42 (37~47) / 눈치 1 (1~6)","1.06","143777","7","0.0070%","아니오"
"drop_warrior_bottom_50","강철훈련 근무바지","전사","하의","","50","","방어력 36 / 맷집 2","방어력 36 (31~41) / 맷집 2 (1~7)","","106174","5","0.0070%","아니오"
"drop_warrior_gloves_50","강철훈련 업무장갑","전사","장갑","","50","","방어력 23 / 맷집 2","방어력 23 (18~28) / 맷집 2 (1~7)","","97326","5","0.0020%","아니오"
"drop_warrior_helmet_50","강철훈련 보호모","전사","투구","","50","","방어력 39 / 맷집 2","방어력 39 (34~44) / 맷집 2 (1~7)","","102856","10","0.0080%","아니오"
"shield_warrior_50","감사실 해골방패","전사","shield","","50","맷집 160","방어력 50","방어력 50 (45~55)","","99538","7","0.0050%","아니오"
"drop_warrior_shoes_50","강철훈련 근무화","전사","신발","","50","","방어력 20 / 맷집 2","방어력 20 (15~25) / 맷집 2 (1~7)","","86266","5","0.0060%","아니오"
"drop_warrior_top_50","강철훈련 업무복","전사","상의","","50","","방어력 46 / 맷집 2","방어력 46 (41~51) / 맷집 2 (1~7)","","110598","5","0.0080%","아니오"
"drop_oneHandedSword_50","야근 결재검","전사","무기","oneHandedSword","50","","공격력 42 / 맷집 1","공격력 42 (37~47) / 맷집 1 (1~6)","1.06","143777","7","0.0080%","아니오"
"drop_twoHandedAxe_50","야근 공정파쇄도끼","전사","무기","twoHandedAxe","50","","공격력 45 / 맷집 1","공격력 45 (40~50) / 맷집 1 (1~6)","0.82","143777","7","0.0070%","아니오"
"drop_twoHandedSword_50","야근 보고대검","전사","무기","twoHandedSword","50","","공격력 42 / 맷집 1","공격력 42 (37~47) / 맷집 1 (1~6)","1","143777","7","0.0080%","아니오"
"drop_oneHandedBlunt_50","야근 승인망치","전사","무기","oneHandedBlunt","50","","공격력 42 / 맷집 1","공격력 42 (37~47) / 맷집 1 (1~6)","1.06","143777","7","0.0030%","아니오"
"drop_spear_50","야근 점검창","전사","무기","spear","50","","공격력 45 / 맷집 1","공격력 45 (40~50) / 맷집 1 (1~6)","0.82","143777","7","0.0080%","아니오"
"drop_oneHandedAxe_50","야근 정리도끼","전사","무기","oneHandedAxe","50","","공격력 42 / 맷집 1","공격력 42 (37~47) / 맷집 1 (1~6)","1.06","143777","7","0.0040%","아니오"
"drop_polearm_50","야근 집행폴암","전사","무기","polearm","50","","공격력 45 / 맷집 1","공격력 45 (40~50) / 맷집 1 (1~6)","0.82","143777","7","0.0070%","아니오"
"drop_common_cape_60","야근 순찰 망토","전사/궁수/도적/마법사","망토","","60","","방어력 22 / 회피율 1","방어력 22 (17~27) / 회피율 1 (1~6)","","119247","5","0.0030%","아니오"
"drop_common_earrings_60","회의녹취 이어셋","전사/궁수/도적/마법사","귀걸이","","60","","마법방어력 17 / 명중률 2","마법방어력 17 (12~22) / 명중률 2 (1~7)","","86123","5","0.0040%","아니오"
"drop_archer_bottom_60","정밀분석 근무바지","궁수","하의","","60","","방어력 43 / 처리속도 3","방어력 43 (38~48) / 처리속도 3 (1~8)","","127197","5","0.0040%","아니오"
"drop_archer_gloves_60","정밀분석 업무장갑","궁수","장갑","","60","","방어력 27 / 처리속도 3","방어력 27 (22~32) / 처리속도 3 (1~8)","","116597","5","0.0060%","아니오"
"drop_archer_helmet_60","정밀분석 보호모","궁수","투구","","60","","방어력 46 / 처리속도 3","방어력 46 (41~51) / 처리속도 3 (1~8)","","123222","10","0.0050%","아니오"
"drop_archer_shoes_60","정밀분석 근무화","궁수","신발","","60","","방어력 24 / 처리속도 3","방어력 24 (19~29) / 처리속도 3 (1~8)","","103348","5","0.0070%","아니오"
"drop_archer_top_60","정밀분석 업무복","궁수","상의","","60","","방어력 55 / 처리속도 3","방어력 55 (50~60) / 처리속도 3 (1~8)","","132497","5","0.0080%","아니오"
"drop_crossbow_60","성과급 결산석궁","궁수","무기","crossbow","60","맷집 60","공격력 52 / 처리속도 2","공격력 52 (47~57) / 처리속도 2 (1~7)","0.9","172246","7","0.0060%","아니오"
"drop_bow_60","성과급 홍보장궁","궁수","무기","bow","60","맷집 65","공격력 49 / 처리속도 2","공격력 49 (44~54) / 처리속도 2 (1~7)","1","172246","7","0.0050%","아니오"
"drop_mage_bottom_60","고급연구 근무바지","마법사","하의","","60","","방어력 43 / 업무지식 3 / 마법방어력 28","방어력 43 (38~48) / 업무지식 3 (1~8) / 마법방어력 28 (23~33)","","127197","5","0.0070%","아니오"
"drop_mage_gloves_60","고급연구 업무장갑","마법사","장갑","","60","","방어력 27 / 업무지식 3 / 마법방어력 17","방어력 27 (22~32) / 업무지식 3 (1~8) / 마법방어력 17 (12~22)","","116597","5","0.0020%","아니오"
"drop_mage_helmet_60","고급연구 보호모","마법사","투구","","60","","방어력 46 / 업무지식 3 / 마법방어력 30","방어력 46 (41~51) / 업무지식 3 (1~8) / 마법방어력 30 (25~35)","","123222","10","0.0080%","아니오"
"drop_mage_shoes_60","고급연구 근무화","마법사","신발","","60","","방어력 24 / 업무지식 3 / 마법방어력 16","방어력 24 (19~29) / 업무지식 3 (1~8) / 마법방어력 16 (11~21)","","103348","5","0.0070%","아니오"
"drop_mage_top_60","고급연구 업무복","마법사","상의","","60","","방어력 55 / 업무지식 3 / 마법방어력 35","방어력 55 (50~60) / 업무지식 3 (1~8) / 마법방어력 35 (30~40)","","132497","5","0.0040%","아니오"
"drop_wand_60","성과급 개발완드","마법사","무기","wand","60","눈치 62","공격력 13 / 마력 56 / 업무지식 2","공격력 13 (8~18) / 마력 56 (51~61) / 업무지식 2 (1~7)","1.12","172246","7","0.0030%","아니오"
"drop_staff_60","성과급 연구스태프","마법사","무기","staff","60","눈치 63","공격력 13 / 마력 56 / 업무지식 2","공격력 13 (8~18) / 마력 56 (51~61) / 업무지식 2 (1~7)","0.9","172246","7","0.0020%","아니오"
"drop_thief_bottom_60","현장잠입 근무바지","도적","하의","","60","","방어력 43 / 눈치 3","방어력 43 (38~48) / 눈치 3 (1~8)","","127197","5","0.0080%","아니오"
"drop_thief_gloves_60","현장잠입 업무장갑","도적","장갑","","60","","방어력 27 / 눈치 3","방어력 27 (22~32) / 눈치 3 (1~8)","","116597","5","0.0070%","아니오"
"drop_thief_helmet_60","현장잠입 보호모","도적","투구","","60","","방어력 46 / 눈치 3","방어력 46 (41~51) / 눈치 3 (1~8)","","123222","10","0.0060%","아니오"
"drop_thief_shoes_60","현장잠입 근무화","도적","신발","","60","","방어력 24 / 눈치 3","방어력 24 (19~29) / 눈치 3 (1~8)","","103348","5","0.0060%","아니오"
"drop_thief_top_60","현장잠입 업무복","도적","상의","","60","","방어력 55 / 눈치 3","방어력 55 (50~60) / 눈치 3 (1~8)","","132497","5","0.0060%","아니오"
"drop_claw_60","성과급 계약아대","도적","무기","claw","60","처리속도 100","공격력 49 / 눈치 2","공격력 49 (44~54) / 눈치 2 (1~7)","1.12","172246","7","0.0040%","아니오"
"drop_dagger_60","성과급 시설단검","도적","무기","dagger","60","처리속도 100","공격력 49 / 눈치 2","공격력 49 (44~54) / 눈치 2 (1~7)","1.06","172246","7","0.0030%","아니오"
"drop_warrior_bottom_60","강철근무 근무바지","전사","하의","","60","","방어력 43 / 맷집 3","방어력 43 (38~48) / 맷집 3 (1~8)","","127197","5","0.0030%","아니오"
"drop_warrior_gloves_60","강철근무 업무장갑","전사","장갑","","60","","방어력 27 / 맷집 3","방어력 27 (22~32) / 맷집 3 (1~8)","","116597","5","0.0050%","아니오"
"drop_warrior_helmet_60","강철근무 보호모","전사","투구","","60","","방어력 46 / 맷집 3","방어력 46 (41~51) / 맷집 3 (1~8)","","123222","10","0.0040%","아니오"
"shield_warrior_60","전설근무 원목방패","전사","shield","","60","맷집 190","방어력 52 / 마법방어력 20","방어력 52 (47~57) / 마법방어력 20 (15~25)","","119247","7","0.0080%","아니오"
"drop_warrior_shoes_60","강철근무 근무화","전사","신발","","60","","방어력 24 / 맷집 3","방어력 24 (19~29) / 맷집 3 (1~8)","","103348","5","0.0020%","아니오"
"drop_warrior_top_60","강철근무 업무복","전사","상의","","60","","방어력 55 / 맷집 3","방어력 55 (50~60) / 맷집 3 (1~8)","","132497","5","0.0040%","아니오"
"drop_oneHandedSword_60","성과급 결재검","전사","무기","oneHandedSword","60","","공격력 49 / 맷집 2","공격력 49 (44~54) / 맷집 2 (1~7)","1.06","172246","7","0.0040%","아니오"
"drop_twoHandedAxe_60","성과급 공정파쇄도끼","전사","무기","twoHandedAxe","60","","공격력 52 / 맷집 2","공격력 52 (47~57) / 맷집 2 (1~7)","0.82","172246","7","0.0030%","아니오"
"drop_twoHandedSword_60","성과급 보고대검","전사","무기","twoHandedSword","60","","공격력 49 / 맷집 2","공격력 49 (44~54) / 맷집 2 (1~7)","1","172246","7","0.0040%","아니오"
"drop_oneHandedBlunt_60","성과급 승인망치","전사","무기","oneHandedBlunt","60","","공격력 49 / 맷집 2","공격력 49 (44~54) / 맷집 2 (1~7)","1.06","172246","7","0.0060%","아니오"
"drop_spear_60","성과급 점검창","전사","무기","spear","60","","공격력 52 / 맷집 2","공격력 52 (47~57) / 맷집 2 (1~7)","0.82","172246","7","0.0040%","아니오"
"drop_oneHandedAxe_60","성과급 정리도끼","전사","무기","oneHandedAxe","60","","공격력 49 / 맷집 2","공격력 49 (44~54) / 맷집 2 (1~7)","1.06","172246","7","0.0070%","아니오"
"drop_polearm_60","성과급 집행폴암","전사","무기","polearm","60","","공격력 52 / 맷집 2","공격력 52 (47~57) / 맷집 2 (1~7)","0.82","172246","7","0.0030%","아니오"
"shield_mage_64","배포인증 매지션방패","마법사","shield","","64","","방어력 31 / 마법방어력 51 / 업무지식 2","방어력 31 (26~36) / 마법방어력 51 (46~56) / 업무지식 2 (1~7)","","127131","10","0.0020%","아니오"
"drop_archer_bottom_70","분기마감 근무바지","궁수","하의","","70","","방어력 49 / 처리속도 3","방어력 49 (44~54) / 처리속도 3 (1~8)","","148220","5","0.0070%","아니오"
"drop_archer_gloves_70","분기마감 업무장갑","궁수","장갑","","70","","방어력 31 / 처리속도 3","방어력 31 (26~36) / 처리속도 3 (1~8)","","135868","5","0.0020%","아니오"
"drop_archer_helmet_70","분기마감 보호모","궁수","투구","","70","","방어력 53 / 처리속도 3","방어력 53 (48~58) / 처리속도 3 (1~8)","","143588","10","0.0080%","아니오"
"drop_archer_shoes_70","분기마감 근무화","궁수","신발","","70","","방어력 28 / 처리속도 3","방어력 28 (23~33) / 처리속도 3 (1~8)","","120429","5","0.0030%","아니오"
"drop_archer_top_70","분기마감 업무복","궁수","상의","","70","","방어력 63 / 처리속도 3","방어력 63 (58~68) / 처리속도 3 (1~8)","","154396","5","0.0040%","아니오"
"drop_crossbow_70","감사실 결산석궁","궁수","무기","crossbow","70","맷집 70","공격력 59 / 처리속도 2","공격력 59 (54~64) / 처리속도 2 (1~7)","0.9","200715","7","0.0020%","아니오"
"drop_bow_70","감사실 홍보장궁","궁수","무기","bow","70","맷집 75","공격력 56 / 처리속도 2","공격력 56 (51~61) / 처리속도 2 (1~7)","1","200715","7","0.0080%","아니오"
"drop_mage_bottom_70","서버점검 근무바지","마법사","하의","","70","","방어력 49 / 업무지식 3 / 마법방어력 32","방어력 49 (44~54) / 업무지식 3 (1~8) / 마법방어력 32 (27~37)","","148220","5","0.0030%","아니오"
"drop_mage_gloves_70","서버점검 업무장갑","마법사","장갑","","70","","방어력 31 / 업무지식 3 / 마법방어력 20","방어력 31 (26~36) / 업무지식 3 (1~8) / 마법방어력 20 (15~25)","","135868","5","0.0050%","아니오"
"drop_mage_helmet_70","서버점검 보호모","마법사","투구","","70","","방어력 53 / 업무지식 3 / 마법방어력 35","방어력 53 (48~58) / 업무지식 3 (1~8) / 마법방어력 35 (30~40)","","143588","10","0.0040%","아니오"
"drop_mage_shoes_70","서버점검 근무화","마법사","신발","","70","","방어력 28 / 업무지식 3 / 마법방어력 18","방어력 28 (23~33) / 업무지식 3 (1~8) / 마법방어력 18 (13~23)","","120429","5","0.0030%","아니오"
"drop_mage_top_70","서버점검 업무복","마법사","상의","","70","","방어력 63 / 업무지식 3 / 마법방어력 41","방어력 63 (58~68) / 업무지식 3 (1~8) / 마법방어력 41 (36~46)","","154396","5","0.0070%","아니오"
"drop_wand_70","감사실 개발완드","마법사","무기","wand","70","눈치 72","공격력 15 / 마력 64 / 업무지식 2","공격력 15 (10~20) / 마력 64 (59~69) / 업무지식 2 (1~7)","1.12","200715","7","0.0060%","아니오"
"drop_staff_70","감사실 연구스태프","마법사","무기","staff","70","눈치 73","공격력 15 / 마력 64 / 업무지식 2","공격력 15 (10~20) / 마력 64 (59~69) / 업무지식 2 (1~7)","0.9","200715","7","0.0050%","아니오"
"drop_thief_bottom_70","실적정리 근무바지","도적","하의","","70","","방어력 49 / 눈치 3","방어력 49 (44~54) / 눈치 3 (1~8)","","148220","5","0.0040%","아니오"
"drop_thief_gloves_70","실적정리 업무장갑","도적","장갑","","70","","방어력 31 / 눈치 3","방어력 31 (26~36) / 눈치 3 (1~8)","","135868","5","0.0030%","아니오"
"drop_thief_helmet_70","실적정리 보호모","도적","투구","","70","","방어력 53 / 눈치 3","방어력 53 (48~58) / 눈치 3 (1~8)","","143588","10","0.0020%","아니오"
"drop_thief_shoes_70","실적정리 근무화","도적","신발","","70","","방어력 28 / 눈치 3","방어력 28 (23~33) / 눈치 3 (1~8)","","120429","5","0.0020%","아니오"
"drop_thief_top_70","실적정리 업무복","도적","상의","","70","","방어력 63 / 눈치 3","방어력 63 (58~68) / 눈치 3 (1~8)","","154396","5","0.0020%","아니오"
"drop_claw_70","감사실 계약아대","도적","무기","claw","70","처리속도 110","공격력 56 / 눈치 2","공격력 56 (51~61) / 눈치 2 (1~7)","1.12","200715","7","0.0070%","아니오"
"drop_dagger_70","감사실 시설단검","도적","무기","dagger","70","처리속도 110","공격력 56 / 눈치 2","공격력 56 (51~61) / 눈치 2 (1~7)","1.06","200715","7","0.0060%","아니오"
"drop_warrior_bottom_70","불굴작업 근무바지","전사","하의","","70","","방어력 49 / 맷집 3","방어력 49 (44~54) / 맷집 3 (1~8)","","148220","5","0.0060%","아니오"
"drop_warrior_gloves_70","불굴작업 업무장갑","전사","장갑","","70","","방어력 31 / 맷집 3","방어력 31 (26~36) / 맷집 3 (1~8)","","135868","5","0.0080%","아니오"
"drop_warrior_helmet_70","불굴작업 보호모","전사","투구","","70","","방어력 53 / 맷집 3","방어력 53 (48~58) / 맷집 3 (1~8)","","143588","10","0.0070%","아니오"
"shield_warrior_70","고대결재 황금방패","전사","shield","","70","맷집 220","방어력 56 / 마법방어력 20 / 맷집 2","방어력 56 (51~61) / 마법방어력 20 (15~25) / 맷집 2 (1~7)","","138956","7","0.0040%","아니오"
"drop_warrior_shoes_70","불굴작업 근무화","전사","신발","","70","","방어력 28 / 맷집 3","방어력 28 (23~33) / 맷집 3 (1~8)","","120429","5","0.0050%","아니오"
"drop_warrior_top_70","불굴작업 업무복","전사","상의","","70","","방어력 63 / 맷집 3","방어력 63 (58~68) / 맷집 3 (1~8)","","154396","5","0.0070%","아니오"
"drop_oneHandedSword_70","감사실 결재검","전사","무기","oneHandedSword","70","","공격력 56 / 맷집 2","공격력 56 (51~61) / 맷집 2 (1~7)","1.06","200715","7","0.0070%","아니오"
"drop_twoHandedAxe_70","감사실 공정파쇄도끼","전사","무기","twoHandedAxe","70","","공격력 59 / 맷집 2","공격력 59 (54~64) / 맷집 2 (1~7)","0.82","200715","7","0.0060%","아니오"
"drop_twoHandedSword_70","감사실 보고대검","전사","무기","twoHandedSword","70","","공격력 56 / 맷집 2","공격력 56 (51~61) / 맷집 2 (1~7)","1","200715","7","0.0070%","아니오"
"drop_oneHandedBlunt_70","감사실 승인망치","전사","무기","oneHandedBlunt","70","","공격력 56 / 맷집 2","공격력 56 (51~61) / 맷집 2 (1~7)","1.06","200715","7","0.0020%","아니오"
"drop_spear_70","감사실 점검창","전사","무기","spear","70","","공격력 59 / 맷집 2","공격력 59 (54~64) / 맷집 2 (1~7)","0.82","200715","7","0.0070%","아니오"
"drop_oneHandedAxe_70","감사실 정리도끼","전사","무기","oneHandedAxe","70","","공격력 56 / 맷집 2","공격력 56 (51~61) / 맷집 2 (1~7)","1.06","200715","7","0.0030%","아니오"
"drop_polearm_70","감사실 집행폴암","전사","무기","polearm","70","","공격력 59 / 맷집 2","공격력 59 (54~64) / 맷집 2 (1~7)","0.82","200715","7","0.0060%","아니오"
"drop_common_cape_80","성과보고 망토","전사/궁수/도적/마법사","망토","","80","","방어력 29 / 회피율 2","방어력 29 (24~34) / 회피율 2 (1~7)","","158666","5","0.0020%","아니오"
"drop_common_earrings_80","노이즈차단 이어셋","전사/궁수/도적/마법사","귀걸이","","80","","마법방어력 22 / 명중률 2","마법방어력 22 (17~27) / 명중률 2 (1~7)","","114592","5","0.0030%","아니오"
"drop_archer_bottom_80","월말결산 근무바지","궁수","하의","","80","","방어력 56 / 처리속도 4","방어력 56 (51~61) / 처리속도 4 (1~9)","","169244","5","0.0030%","아니오"
"drop_archer_gloves_80","월말결산 업무장갑","궁수","장갑","","80","","방어력 35 / 처리속도 4","방어력 35 (30~40) / 처리속도 4 (1~9)","","155140","5","0.0050%","아니오"
"drop_archer_helmet_80","월말결산 보호모","궁수","투구","","80","","방어력 61 / 처리속도 4","방어력 61 (56~66) / 처리속도 4 (1~9)","","163955","10","0.0040%","아니오"
"drop_archer_shoes_80","월말결산 근무화","궁수","신발","","80","","방어력 32 / 처리속도 4","방어력 32 (27~37) / 처리속도 4 (1~9)","","137511","5","0.0060%","아니오"
"drop_archer_top_80","월말결산 업무복","궁수","상의","","80","","방어력 72 / 처리속도 4","방어력 72 (67~77) / 처리속도 4 (1~9)","","176296","5","0.0070%","아니오"
"drop_crossbow_80","마감 결산석궁","궁수","무기","crossbow","80","맷집 80","공격력 67 / 처리속도 2","공격력 67 (62~72) / 처리속도 2 (1~7)","0.9","229185","7","0.0050%","아니오"
"drop_bow_80","마감 홍보장궁","궁수","무기","bow","80","맷집 85","공격력 64 / 처리속도 2","공격력 64 (59~69) / 처리속도 2 (1~7)","1","229185","7","0.0040%","아니오"
"drop_mage_bottom_80","서버수호 근무바지","마법사","하의","","80","","방어력 56 / 업무지식 4 / 마법방어력 37","방어력 56 (51~61) / 업무지식 4 (1~9) / 마법방어력 37 (32~42)","","169244","5","0.0060%","아니오"
"drop_mage_gloves_80","서버수호 업무장갑","마법사","장갑","","80","","방어력 35 / 업무지식 4 / 마법방어력 23","방어력 35 (30~40) / 업무지식 4 (1~9) / 마법방어력 23 (18~28)","","155140","5","0.0080%","아니오"
"drop_mage_helmet_80","서버수호 보호모","마법사","투구","","80","","방어력 61 / 업무지식 4 / 마법방어력 40","방어력 61 (56~66) / 업무지식 4 (1~9) / 마법방어력 40 (35~45)","","163955","10","0.0070%","아니오"
"drop_mage_shoes_80","서버수호 근무화","마법사","신발","","80","","방어력 32 / 업무지식 4 / 마법방어력 21","방어력 32 (27~37) / 업무지식 4 (1~9) / 마법방어력 21 (16~26)","","137511","5","0.0060%","아니오"
"drop_mage_top_80","서버수호 업무복","마법사","상의","","80","","방어력 72 / 업무지식 4 / 마법방어력 47","방어력 72 (67~77) / 업무지식 4 (1~9) / 마법방어력 47 (42~52)","","176296","5","0.0030%","아니오"
"drop_wand_80","마감 개발완드","마법사","무기","wand","80","눈치 82","공격력 16 / 마력 73 / 업무지식 2","공격력 16 (11~21) / 마력 73 (68~78) / 업무지식 2 (1~7)","1.12","229185","7","0.0020%","아니오"
"drop_staff_80","마감 연구스태프","마법사","무기","staff","80","눈치 83","공격력 16 / 마력 73 / 업무지식 2","공격력 16 (11~21) / 마력 73 (68~78) / 업무지식 2 (1~7)","0.9","229185","7","0.0080%","아니오"
"drop_thief_bottom_80","실적추적 근무바지","도적","하의","","80","","방어력 56 / 눈치 4","방어력 56 (51~61) / 눈치 4 (1~9)","","169244","5","0.0070%","아니오"
"drop_thief_gloves_80","실적추적 업무장갑","도적","장갑","","80","","방어력 35 / 눈치 4","방어력 35 (30~40) / 눈치 4 (1~9)","","155140","5","0.0060%","아니오"
"drop_thief_helmet_80","실적추적 보호모","도적","투구","","80","","방어력 61 / 눈치 4","방어력 61 (56~66) / 눈치 4 (1~9)","","163955","10","0.0050%","아니오"
"drop_thief_shoes_80","실적추적 근무화","도적","신발","","80","","방어력 32 / 눈치 4","방어력 32 (27~37) / 눈치 4 (1~9)","","137511","5","0.0050%","아니오"
"drop_thief_top_80","실적추적 업무복","도적","상의","","80","","방어력 72 / 눈치 4","방어력 72 (67~77) / 눈치 4 (1~9)","","176296","5","0.0050%","아니오"
"drop_claw_80","마감 계약아대","도적","무기","claw","80","처리속도 120","공격력 64 / 눈치 2","공격력 64 (59~69) / 눈치 2 (1~7)","1.12","229185","7","0.0030%","아니오"
"drop_dagger_80","마감 시설단검","도적","무기","dagger","80","처리속도 120","공격력 64 / 눈치 2","공격력 64 (59~69) / 눈치 2 (1~7)","1.06","229185","7","0.0020%","아니오"
"drop_warrior_bottom_80","불굴현장 근무바지","전사","하의","","80","","방어력 56 / 맷집 4","방어력 56 (51~61) / 맷집 4 (1~9)","","169244","5","0.0020%","아니오"
"drop_warrior_gloves_80","불굴현장 업무장갑","전사","장갑","","80","","방어력 35 / 맷집 4","방어력 35 (30~40) / 맷집 4 (1~9)","","155140","5","0.0040%","아니오"
"drop_warrior_helmet_80","불굴현장 보호모","전사","투구","","80","","방어력 61 / 맷집 4","방어력 61 (56~66) / 맷집 4 (1~9)","","163955","10","0.0030%","아니오"
"shield_warrior_80","임원경호 독수리방패","전사","shield","","80","맷집 250","방어력 64 / 마법방어력 25","방어력 64 (59~69) / 마법방어력 25 (20~30)","","158666","7","0.0070%","아니오"
"drop_warrior_shoes_80","불굴현장 근무화","전사","신발","","80","","방어력 32 / 맷집 4","방어력 32 (27~37) / 맷집 4 (1~9)","","137511","5","0.0080%","아니오"
"drop_warrior_top_80","불굴현장 업무복","전사","상의","","80","","방어력 72 / 맷집 4","방어력 72 (67~77) / 맷집 4 (1~9)","","176296","5","0.0030%","아니오"
"drop_oneHandedSword_80","마감 결재검","전사","무기","oneHandedSword","80","","공격력 64 / 맷집 2","공격력 64 (59~69) / 맷집 2 (1~7)","1.06","229185","7","0.0030%","아니오"
"drop_twoHandedAxe_80","마감 공정파쇄도끼","전사","무기","twoHandedAxe","80","","공격력 67 / 맷집 2","공격력 67 (62~72) / 맷집 2 (1~7)","0.82","229185","7","0.0020%","아니오"
"drop_twoHandedSword_80","마감 보고대검","전사","무기","twoHandedSword","80","","공격력 64 / 맷집 2","공격력 64 (59~69) / 맷집 2 (1~7)","1","229185","7","0.0030%","아니오"
"drop_oneHandedBlunt_80","마감 승인망치","전사","무기","oneHandedBlunt","80","","공격력 64 / 맷집 2","공격력 64 (59~69) / 맷집 2 (1~7)","1.06","229185","7","0.0050%","아니오"
"drop_spear_80","마감 점검창","전사","무기","spear","80","","공격력 67 / 맷집 2","공격력 67 (62~72) / 맷집 2 (1~7)","0.82","229185","7","0.0030%","아니오"
"drop_oneHandedAxe_80","마감 정리도끼","전사","무기","oneHandedAxe","80","","공격력 64 / 맷집 2","공격력 64 (59~69) / 맷집 2 (1~7)","1.06","229185","7","0.0060%","아니오"
"drop_polearm_80","마감 집행폴암","전사","무기","polearm","80","","공격력 67 / 맷집 2","공격력 67 (62~72) / 맷집 2 (1~7)","0.82","229185","7","0.0020%","아니오"
"drop_archer_bottom_90","감사준비 근무바지","궁수","하의","","90","","방어력 62 / 처리속도 5","방어력 62 (57~67) / 처리속도 5 (1~10)","","190267","5","0.0060%","아니오"
"drop_archer_gloves_90","감사준비 업무장갑","궁수","장갑","","90","","방어력 39 / 처리속도 5","방어력 39 (34~44) / 처리속도 5 (1~10)","","174412","5","0.0080%","아니오"
"drop_archer_helmet_90","감사준비 보호모","궁수","투구","","90","","방어력 68 / 처리속도 5","방어력 68 (63~73) / 처리속도 5 (1~10)","","184321","10","0.0070%","아니오"
"drop_archer_shoes_90","감사준비 근무화","궁수","신발","","90","","방어력 35 / 처리속도 5","방어력 35 (30~40) / 처리속도 5 (1~10)","","154592","5","0.0020%","아니오"
"drop_archer_top_90","감사준비 업무복","궁수","상의","","90","","방어력 80 / 처리속도 5","방어력 80 (75~85) / 처리속도 5 (1~10)","","198195","5","0.0030%","아니오"
"drop_crossbow_90","임원회의 결산석궁","궁수","무기","crossbow","90","맷집 90","공격력 74 / 처리속도 3","공격력 74 (69~79) / 처리속도 3 (1~8)","0.9","257654","7","0.0080%","아니오"
"drop_bow_90","임원회의 홍보장궁","궁수","무기","bow","90","맷집 95","공격력 71 / 처리속도 3","공격력 71 (66~76) / 처리속도 3 (1~8)","1","257654","7","0.0070%","아니오"
"drop_mage_bottom_90","기술검증 근무바지","마법사","하의","","90","","방어력 62 / 업무지식 5 / 마법방어력 41","방어력 62 (57~67) / 업무지식 5 (1~10) / 마법방어력 41 (36~46)","","190267","5","0.0020%","아니오"
"drop_mage_gloves_90","기술검증 업무장갑","마법사","장갑","","90","","방어력 39 / 업무지식 5 / 마법방어력 26","방어력 39 (34~44) / 업무지식 5 (1~10) / 마법방어력 26 (21~31)","","174412","5","0.0040%","아니오"
"drop_mage_helmet_90","기술검증 보호모","마법사","투구","","90","","방어력 68 / 업무지식 5 / 마법방어력 45","방어력 68 (63~73) / 업무지식 5 (1~10) / 마법방어력 45 (40~50)","","184321","10","0.0030%","아니오"
"drop_mage_shoes_90","기술검증 근무화","마법사","신발","","90","","방어력 35 / 업무지식 5 / 마법방어력 23","방어력 35 (30~40) / 업무지식 5 (1~10) / 마법방어력 23 (18~28)","","154592","5","0.0020%","아니오"
"drop_mage_top_90","기술검증 업무복","마법사","상의","","90","","방어력 80 / 업무지식 5 / 마법방어력 53","방어력 80 (75~85) / 업무지식 5 (1~10) / 마법방어력 53 (48~58)","","198195","5","0.0060%","아니오"
"drop_wand_90","임원회의 개발완드","마법사","무기","wand","90","눈치 92","공격력 18 / 마력 81 / 업무지식 3","공격력 18 (13~23) / 마력 81 (76~86) / 업무지식 3 (1~8)","1.12","257654","7","0.0050%","아니오"
"drop_staff_90","임원회의 연구스태프","마법사","무기","staff","90","눈치 93","공격력 18 / 마력 81 / 업무지식 3","공격력 18 (13~23) / 마력 81 (76~86) / 업무지식 3 (1~8)","0.9","257654","7","0.0040%","아니오"
"drop_thief_bottom_90","기밀준비 근무바지","도적","하의","","90","","방어력 62 / 눈치 5","방어력 62 (57~67) / 눈치 5 (1~10)","","190267","5","0.0030%","아니오"
"drop_thief_gloves_90","기밀준비 업무장갑","도적","장갑","","90","","방어력 39 / 눈치 5","방어력 39 (34~44) / 눈치 5 (1~10)","","174412","5","0.0020%","아니오"
"drop_thief_helmet_90","기밀준비 보호모","도적","투구","","90","","방어력 68 / 눈치 5","방어력 68 (63~73) / 눈치 5 (1~10)","","184321","10","0.0080%","아니오"
"drop_thief_shoes_90","기밀준비 근무화","도적","신발","","90","","방어력 35 / 눈치 5","방어력 35 (30~40) / 눈치 5 (1~10)","","154592","5","0.0080%","아니오"
"drop_thief_top_90","기밀준비 업무복","도적","상의","","90","","방어력 80 / 눈치 5","방어력 80 (75~85) / 눈치 5 (1~10)","","198195","5","0.0080%","아니오"
"drop_claw_90","임원회의 계약아대","도적","무기","claw","90","처리속도 130","공격력 71 / 눈치 3","공격력 71 (66~76) / 눈치 3 (1~8)","1.12","257654","7","0.0060%","아니오"
"drop_dagger_90","임원회의 시설단검","도적","무기","dagger","90","처리속도 130","공격력 71 / 눈치 3","공격력 71 (66~76) / 눈치 3 (1~8)","1.06","257654","7","0.0050%","아니오"
"drop_warrior_bottom_90","철야대비 근무바지","전사","하의","","90","","방어력 62 / 맷집 5","방어력 62 (57~67) / 맷집 5 (1~10)","","190267","5","0.0050%","아니오"
"drop_warrior_gloves_90","철야대비 업무장갑","전사","장갑","","90","","방어력 39 / 맷집 5","방어력 39 (34~44) / 맷집 5 (1~10)","","174412","5","0.0070%","아니오"
"drop_warrior_helmet_90","철야대비 보호모","전사","투구","","90","","방어력 68 / 맷집 5","방어력 68 (63~73) / 맷집 5 (1~10)","","184321","10","0.0060%","아니오"
"shield_warrior_90","황금감사 칼칸","전사","shield","","90","맷집 280","방어력 70 / 맷집 3","방어력 70 (65~75) / 맷집 3 (1~8)","","178376","7","0.0030%","아니오"
"drop_warrior_shoes_90","철야대비 근무화","전사","신발","","90","","방어력 35 / 맷집 5","방어력 35 (30~40) / 맷집 5 (1~10)","","154592","5","0.0040%","아니오"
"drop_warrior_top_90","철야대비 업무복","전사","상의","","90","","방어력 80 / 맷집 5","방어력 80 (75~85) / 맷집 5 (1~10)","","198195","5","0.0060%","아니오"
"drop_oneHandedSword_90","임원회의 결재검","전사","무기","oneHandedSword","90","","공격력 71 / 맷집 3","공격력 71 (66~76) / 맷집 3 (1~8)","1.06","257654","7","0.0060%","아니오"
"drop_twoHandedAxe_90","임원회의 공정파쇄도끼","전사","무기","twoHandedAxe","90","","공격력 74 / 맷집 3","공격력 74 (69~79) / 맷집 3 (1~8)","0.82","257654","7","0.0050%","아니오"
"drop_twoHandedSword_90","임원회의 보고대검","전사","무기","twoHandedSword","90","","공격력 71 / 맷집 3","공격력 71 (66~76) / 맷집 3 (1~8)","1","257654","7","0.0060%","아니오"
"drop_oneHandedBlunt_90","임원회의 승인망치","전사","무기","oneHandedBlunt","90","","공격력 71 / 맷집 3","공격력 71 (66~76) / 맷집 3 (1~8)","1.06","257654","7","0.0080%","아니오"
"drop_spear_90","임원회의 점검창","전사","무기","spear","90","","공격력 74 / 맷집 3","공격력 74 (69~79) / 맷집 3 (1~8)","0.82","257654","7","0.0060%","아니오"
"drop_oneHandedAxe_90","임원회의 정리도끼","전사","무기","oneHandedAxe","90","","공격력 71 / 맷집 3","공격력 71 (66~76) / 맷집 3 (1~8)","1.06","257654","7","0.0020%","아니오"
"drop_polearm_90","임원회의 집행폴암","전사","무기","polearm","90","","공격력 74 / 맷집 3","공격력 74 (69~79) / 맷집 3 (1~8)","0.82","257654","7","0.0050%","아니오"
"drop_common_cape_100","임원회의 망토","전사/궁수/도적/마법사","망토","","100","","방어력 36 / 회피율 2","방어력 36 (31~41) / 회피율 2 (1~7)","","198085","5","0.0020%","아니오"
"drop_common_earrings_100","임원전용 이어셋","전사/궁수/도적/마법사","귀걸이","","100","","마법방어력 28 / 명중률 3","마법방어력 28 (23~33) / 명중률 3 (1~8)","","143061","5","0.0050%","아니오"
"drop_archer_bottom_100","감사대응 근무바지","궁수","하의","","100","","방어력 69 / 처리속도 5","방어력 69 (64~74) / 처리속도 5 (1~10)","","211290","5","0.0040%","아니오"
"drop_archer_gloves_100","감사대응 업무장갑","궁수","장갑","","100","","방어력 44 / 처리속도 5","방어력 44 (39~49) / 처리속도 5 (1~10)","","193683","5","0.0050%","아니오"
"drop_archer_helmet_100","감사대응 보호모","궁수","투구","","100","","방어력 75 / 처리속도 5","방어력 75 (70~80) / 처리속도 5 (1~10)","","204687","10","0.0080%","아니오"
"drop_archer_shoes_100","감사대응 근무화","궁수","신발","","100","","방어력 39 / 처리속도 5","방어력 39 (34~44) / 처리속도 5 (1~10)","","171673","5","0.0050%","아니오"
"drop_archer_top_100","감사대응 업무복","궁수","상의","","100","","방어력 89 / 처리속도 5","방어력 89 (84~94) / 처리속도 5 (1~10)","","220094","5","0.0060%","아니오"
"drop_crossbow_100","본부장 결산석궁","궁수","무기","crossbow","100","맷집 100","공격력 81 / 처리속도 3","공격력 81 (76~86) / 처리속도 3 (1~8)","0.9","286122","7","0.0030%","아니오"
"drop_bow_100","본부장 홍보장궁","궁수","무기","bow","100","맷집 105","공격력 78 / 처리속도 3","공격력 78 (73~83) / 처리속도 3 (1~8)","1","286122","7","0.0060%","아니오"
"boss_dragon_shinecross","완전무결 결산석궁","궁수","무기","crossbow","100","맷집 100","공격력 103","공격력 103 (98~108)","0.9","400000","7","","예"
"boss_dragon_shinebow","전사캠페인 장궁","궁수","무기","bow","100","맷집 105","공격력 100","공격력 100 (95~105)","1","400000","7","","예"
"drop_mage_bottom_100","혁신기술 근무바지","마법사","하의","","100","","방어력 69 / 업무지식 5 / 마법방어력 46","방어력 69 (64~74) / 업무지식 5 (1~10) / 마법방어력 46 (41~51)","","211290","5","0.0060%","아니오"
"drop_mage_gloves_100","혁신기술 업무장갑","마법사","장갑","","100","","방어력 44 / 업무지식 5 / 마법방어력 29","방어력 44 (39~49) / 업무지식 5 (1~10) / 마법방어력 29 (24~34)","","193683","5","0.0030%","아니오"
"drop_mage_helmet_100","혁신기술 보호모","마법사","투구","","100","","방어력 75 / 업무지식 5 / 마법방어력 50","방어력 75 (70~80) / 업무지식 5 (1~10) / 마법방어력 50 (45~55)","","204687","10","0.0060%","아니오"
"drop_mage_shoes_100","혁신기술 근무화","마법사","신발","","100","","방어력 39 / 업무지식 5 / 마법방어력 26","방어력 39 (34~44) / 업무지식 5 (1~10) / 마법방어력 26 (21~31)","","171673","5","0.0080%","아니오"
"drop_mage_top_100","혁신기술 업무복","마법사","상의","","100","","방어력 89 / 업무지식 5 / 마법방어력 59","방어력 89 (84~94) / 업무지식 5 (1~10) / 마법방어력 59 (54~64)","","220094","5","0.0030%","아니오"
"boss_dragon_staff","기술이사 스태프","마법사","무기","staff","100","눈치 103","공격력 80 / 마력 125","공격력 80 (75~85) / 마력 125 (120~130)","0.9","400000","7","","예"
"boss_dragon_wand","무중단배포 완드","마법사","무기","wand","100","눈치 102","공격력 75 / 마력 123","공격력 75 (70~80) / 마력 123 (118~128)","1.12","400000","7","","예"
"drop_wand_100","본부장 개발완드","마법사","무기","wand","100","눈치 102","공격력 20 / 마력 89 / 업무지식 3","공격력 20 (15~25) / 마력 89 (84~94) / 업무지식 3 (1~8)","1.12","286122","7","0.0080%","아니오"
"drop_staff_100","본부장 연구스태프","마법사","무기","staff","100","눈치 103","공격력 20 / 마력 89 / 업무지식 3","공격력 20 (15~25) / 마력 89 (84~94) / 업무지식 3 (1~8)","0.9","286122","7","0.0070%","아니오"
"drop_thief_bottom_100","비밀계약 근무바지","도적","하의","","100","","방어력 69 / 눈치 5","방어력 69 (64~74) / 눈치 5 (1~10)","","211290","5","0.0030%","아니오"
"drop_thief_gloves_100","비밀계약 업무장갑","도적","장갑","","100","","방어력 44 / 눈치 5","방어력 44 (39~49) / 눈치 5 (1~10)","","193683","5","0.0040%","아니오"
"drop_thief_helmet_100","비밀계약 보호모","도적","투구","","100","","방어력 75 / 눈치 5","방어력 75 (70~80) / 눈치 5 (1~10)","","204687","10","0.0070%","아니오"
"drop_thief_shoes_100","비밀계약 근무화","도적","신발","","100","","방어력 39 / 눈치 5","방어력 39 (34~44) / 눈치 5 (1~10)","","171673","5","0.0020%","아니오"
"drop_thief_top_100","비밀계약 업무복","도적","상의","","100","","방어력 89 / 눈치 5","방어력 89 (84~94) / 눈치 5 (1~10)","","220094","5","0.0060%","아니오"
"drop_claw_100","본부장 계약아대","도적","무기","claw","100","처리속도 140","공격력 78 / 눈치 3","공격력 78 (73~83) / 눈치 3 (1~8)","1.12","286122","7","0.0050%","아니오"
"drop_dagger_100","본부장 시설단검","도적","무기","dagger","100","처리속도 140","공격력 78 / 눈치 3","공격력 78 (73~83) / 눈치 3 (1~8)","1.06","286122","7","0.0020%","아니오"
"boss_dragon_khanjar","비상대응 단검","도적","무기","dagger","100","처리속도 140","공격력 100","공격력 100 (95~105)","1.06","400000","7","","예"
"boss_dragon_kris","시설봉쇄 단검","도적","무기","dagger","100","처리속도 140","공격력 98","공격력 98 (93~103)","1.06","400000","7","","예"
"boss_dragon_green_sleeve","전설영업 계약아대","도적","무기","claw","100","처리속도 140","공격력 50 / 처리속도 7 / 눈치 7 / 최대 체력 50 / 회피율 7","공격력 50 (45~55) / 처리속도 7 (2~12) / 눈치 7 (2~12) / 최대 체력 50 (45~55) / 회피율 7 (2~12)","1.12","400000","7","","예"
"drop_warrior_bottom_100","철야방호 근무바지","전사","하의","","100","","방어력 69 / 맷집 5","방어력 69 (64~74) / 맷집 5 (1~10)","","211290","5","0.0070%","아니오"
"drop_warrior_gloves_100","철야방호 업무장갑","전사","장갑","","100","","방어력 44 / 맷집 5","방어력 44 (39~49) / 맷집 5 (1~10)","","193683","5","0.0040%","아니오"
"drop_warrior_helmet_100","철야방호 보호모","전사","투구","","100","","방어력 75 / 맷집 5","방어력 75 (70~80) / 맷집 5 (1~10)","","204687","10","0.0040%","아니오"
"shield_warrior_100","이사회 호플론","전사","shield","","100","맷집 310","방어력 72 / 마법방어력 25 / 처리속도 3","방어력 72 (67~77) / 마법방어력 25 (20~30) / 처리속도 3 (1~8)","","198085","7","0.0080%","아니오"
"drop_warrior_shoes_100","철야방호 근무화","전사","신발","","100","","방어력 39 / 맷집 5","방어력 39 (34~44) / 맷집 5 (1~10)","","171673","5","0.0040%","아니오"
"drop_warrior_top_100","철야방호 업무복","전사","상의","","100","","방어력 89 / 맷집 5","방어력 89 (84~94) / 맷집 5 (1~10)","","220094","5","0.0020%","아니오"
"boss_dragon_axe","감사종결 도끼","전사","무기","oneHandedAxe","100","","공격력 103","공격력 103 (98~108)","1.06","400000","7","","예"
"boss_dragon_battleaxe","공정혁신 대도끼","전사","무기","twoHandedAxe","100","","공격력 107","공격력 107 (102~112)","0.82","400000","7","","예"
"drop_oneHandedSword_100","본부장 결재검","전사","무기","oneHandedSword","100","","공격력 78 / 맷집 3","공격력 78 (73~83) / 맷집 3 (1~8)","1.06","286122","7","0.0060%","아니오"
"drop_twoHandedAxe_100","본부장 공정파쇄도끼","전사","무기","twoHandedAxe","100","","공격력 81 / 맷집 3","공격력 81 (76~86) / 맷집 3 (1~8)","0.82","286122","7","0.0070%","아니오"
"drop_twoHandedSword_100","본부장 보고대검","전사","무기","twoHandedSword","100","","공격력 78 / 맷집 3","공격력 78 (73~83) / 맷집 3 (1~8)","1","286122","7","0.0060%","아니오"
"drop_oneHandedBlunt_100","본부장 승인망치","전사","무기","oneHandedBlunt","100","","공격력 78 / 맷집 3","공격력 78 (73~83) / 맷집 3 (1~8)","1.06","286122","7","0.0070%","아니오"
"drop_spear_100","본부장 점검창","전사","무기","spear","100","","공격력 81 / 맷집 3","공격력 81 (76~86) / 맷집 3 (1~8)","0.82","286122","7","0.0060%","아니오"
"drop_oneHandedAxe_100","본부장 정리도끼","전사","무기","oneHandedAxe","100","","공격력 78 / 맷집 3","공격력 78 (73~83) / 맷집 3 (1~8)","1.06","286122","7","0.0050%","아니오"
"drop_polearm_100","본부장 집행폴암","전사","무기","polearm","100","","공격력 81 / 맷집 3","공격력 81 (76~86) / 맷집 3 (1~8)","0.82","286122","7","0.0080%","아니오"
"boss_dragon_flame","생산본부 대망치","전사","무기","twoHandedBlunt","100","","공격력 107","공격력 107 (102~112)","1.06","400000","7","","예"
"boss_dragon_claymore","최종보고 대검","전사","무기","twoHandedSword","100","","공격력 105","공격력 105 (100~110)","1","400000","7","","예"
"boss_dragon_mace","최종승인 망치","전사","무기","oneHandedBlunt","100","","공격력 103","공격력 103 (98~108)","1.06","400000","7","","예"
"boss_dragon_partisan","품질보증 장창","전사","무기","spear","100","","공격력 107","공격력 107 (102~112)","0.82","400000","7","","예"
"boss_dragon_halberd","현장집행 폴암","전사","무기","polearm","100","","공격력 107","공격력 107 (102~112)","0.82","400000","7","","예"
"boss_dragon_carabella","회장 전용 결재검","전사","무기","oneHandedSword","100","","공격력 103","공격력 103 (98~108)","1.06","400000","7","","예"
"drop_archer_bottom_110","회계책임 근무바지","궁수","하의","","110","","방어력 76 / 처리속도 6","방어력 76 (71~81) / 처리속도 6 (1~11)","","232314","5","0.0070%","아니오"
"drop_archer_gloves_110","회계책임 업무장갑","궁수","장갑","","110","","방어력 48 / 처리속도 6","방어력 48 (43~53) / 처리속도 6 (1~11)","","212955","5","0.0080%","아니오"
"drop_archer_helmet_110","회계책임 보호모","궁수","투구","","110","","방어력 82 / 처리속도 6","방어력 82 (77~87) / 처리속도 6 (1~11)","","225054","10","0.0040%","아니오"
"drop_archer_shoes_110","회계책임 근무화","궁수","신발","","110","","방어력 43 / 처리속도 6","방어력 43 (38~48) / 처리속도 6 (1~11)","","188755","5","0.0080%","아니오"
"drop_archer_top_110","회계책임 업무복","궁수","상의","","110","","방어력 97 / 처리속도 6","방어력 97 (92~102) / 처리속도 6 (1~11)","","241994","5","0.0020%","아니오"
"drop_crossbow_110","이사회 결산석궁","궁수","무기","crossbow","110","맷집 110","공격력 88 / 처리속도 3","공격력 88 (83~93) / 처리속도 3 (1~8)","0.9","314592","7","0.0060%","아니오"
"drop_bow_110","이사회 홍보장궁","궁수","무기","bow","110","맷집 115","공격력 85 / 처리속도 3","공격력 85 (80~90) / 처리속도 3 (1~8)","1","314592","7","0.0020%","아니오"
"drop_mage_bottom_110","연구책임 근무바지","마법사","하의","","110","","방어력 76 / 업무지식 6 / 마법방어력 51","방어력 76 (71~81) / 업무지식 6 (1~11) / 마법방어력 51 (46~56)","","232314","5","0.0020%","아니오"
"drop_mage_gloves_110","연구책임 업무장갑","마법사","장갑","","110","","방어력 48 / 업무지식 6 / 마법방어력 32","방어력 48 (43~53) / 업무지식 6 (1~11) / 마법방어력 32 (27~37)","","212955","5","0.0060%","아니오"
"drop_mage_helmet_110","연구책임 보호모","마법사","투구","","110","","방어력 82 / 업무지식 6 / 마법방어력 55","방어력 82 (77~87) / 업무지식 6 (1~11) / 마법방어력 55 (50~60)","","225054","10","0.0020%","아니오"
"drop_mage_shoes_110","연구책임 근무화","마법사","신발","","110","","방어력 43 / 업무지식 6 / 마법방어력 29","방어력 43 (38~48) / 업무지식 6 (1~11) / 마법방어력 29 (24~34)","","188755","5","0.0040%","아니오"
"drop_mage_top_110","연구책임 업무복","마법사","상의","","110","","방어력 97 / 업무지식 6 / 마법방어력 65","방어력 97 (92~102) / 업무지식 6 (1~11) / 마법방어력 65 (60~70)","","241994","5","0.0060%","아니오"
"drop_wand_110","이사회 개발완드","마법사","무기","wand","110","눈치 112","공격력 22 / 마력 97 / 업무지식 3","공격력 22 (17~27) / 마력 97 (92~102) / 업무지식 3 (1~8)","1.12","314592","7","0.0040%","아니오"
"drop_staff_110","이사회 연구스태프","마법사","무기","staff","110","눈치 113","공격력 22 / 마력 97 / 업무지식 3","공격력 22 (17~27) / 마력 97 (92~102) / 업무지식 3 (1~8)","0.9","314592","7","0.0030%","아니오"
"drop_thief_bottom_110","영업책임 근무바지","도적","하의","","110","","방어력 76 / 눈치 6","방어력 76 (71~81) / 눈치 6 (1~11)","","232314","5","0.0060%","아니오"
"drop_thief_gloves_110","영업책임 업무장갑","도적","장갑","","110","","방어력 48 / 눈치 6","방어력 48 (43~53) / 눈치 6 (1~11)","","212955","5","0.0070%","아니오"
"drop_thief_helmet_110","영업책임 보호모","도적","투구","","110","","방어력 82 / 눈치 6","방어력 82 (77~87) / 눈치 6 (1~11)","","225054","10","0.0030%","아니오"
"drop_thief_shoes_110","영업책임 근무화","도적","신발","","110","","방어력 43 / 눈치 6","방어력 43 (38~48) / 눈치 6 (1~11)","","188755","5","0.0050%","아니오"
"drop_thief_top_110","영업책임 업무복","도적","상의","","110","","방어력 97 / 눈치 6","방어력 97 (92~102) / 눈치 6 (1~11)","","241994","5","0.0020%","아니오"
"drop_claw_110","이사회 계약아대","도적","무기","claw","110","처리속도 150","공격력 85 / 눈치 3","공격력 85 (80~90) / 눈치 3 (1~8)","1.12","314592","7","0.0080%","아니오"
"drop_dagger_110","이사회 시설단검","도적","무기","dagger","110","처리속도 150","공격력 85 / 눈치 3","공격력 85 (80~90) / 눈치 3 (1~8)","1.06","314592","7","0.0050%","아니오"
"drop_warrior_bottom_110","본부예비 근무바지","전사","하의","","110","","방어력 76 / 맷집 6","방어력 76 (71~81) / 맷집 6 (1~11)","","232314","5","0.0030%","아니오"
"drop_warrior_gloves_110","본부예비 업무장갑","전사","장갑","","110","","방어력 48 / 맷집 6","방어력 48 (43~53) / 맷집 6 (1~11)","","212955","5","0.0070%","아니오"
"drop_warrior_helmet_110","본부예비 보호모","전사","투구","","110","","방어력 82 / 맷집 6","방어력 82 (77~87) / 맷집 6 (1~11)","","225054","10","0.0070%","아니오"
"shield_warrior_110","청룡본부 방패","전사","shield","","110","맷집 340","방어력 78 / 마법방어력 30 / 맷집 7 / 처리속도 4 / 회피율 5","방어력 78 (73~83) / 마법방어력 30 (25~35) / 맷집 7 (2~12) / 처리속도 4 (1~9) / 회피율 5 (1~10)","","217795","7","0.0040%","아니오"
"drop_warrior_shoes_110","본부예비 근무화","전사","신발","","110","","방어력 43 / 맷집 6","방어력 43 (38~48) / 맷집 6 (1~11)","","188755","5","0.0070%","아니오"
"drop_warrior_top_110","본부예비 업무복","전사","상의","","110","","방어력 97 / 맷집 6","방어력 97 (92~102) / 맷집 6 (1~11)","","241994","5","0.0050%","아니오"
"drop_oneHandedSword_110","이사회 결재검","전사","무기","oneHandedSword","110","","공격력 85 / 맷집 3","공격력 85 (80~90) / 맷집 3 (1~8)","1.06","314592","7","0.0020%","아니오"
"drop_twoHandedAxe_110","이사회 공정파쇄도끼","전사","무기","twoHandedAxe","110","","공격력 88 / 맷집 3","공격력 88 (83~93) / 맷집 3 (1~8)","0.82","314592","7","0.0030%","아니오"
"drop_twoHandedSword_110","이사회 보고대검","전사","무기","twoHandedSword","110","","공격력 85 / 맷집 3","공격력 85 (80~90) / 맷집 3 (1~8)","1","314592","7","0.0020%","아니오"
"drop_oneHandedBlunt_110","이사회 승인망치","전사","무기","oneHandedBlunt","110","","공격력 85 / 맷집 3","공격력 85 (80~90) / 맷집 3 (1~8)","1.06","314592","7","0.0030%","아니오"
"drop_spear_110","이사회 점검창","전사","무기","spear","110","","공격력 88 / 맷집 3","공격력 88 (83~93) / 맷집 3 (1~8)","0.82","314592","7","0.0020%","아니오"
"drop_oneHandedAxe_110","이사회 정리도끼","전사","무기","oneHandedAxe","110","","공격력 85 / 맷집 3","공격력 85 (80~90) / 맷집 3 (1~8)","1.06","314592","7","0.0080%","아니오"
"drop_polearm_110","이사회 집행폴암","전사","무기","polearm","110","","공격력 88 / 맷집 3","공격력 88 (83~93) / 맷집 3 (1~8)","0.82","314592","7","0.0040%","아니오"
"drop_common_cape_120","대표이사 망토","전사/궁수/도적/마법사","망토","","120","","방어력 43 / 회피율 3","방어력 43 (38~48) / 회피율 3 (1~8)","","237504","5","0.0080%","아니오"
"drop_common_earrings_120","대표이사 이어셋","전사/궁수/도적/마법사","귀걸이","","120","","마법방어력 34 / 명중률 4","마법방어력 34 (29~39) / 명중률 4 (1~9)","","171530","5","0.0040%","아니오"
"drop_archer_bottom_120","수석회계 근무바지","궁수","하의","","120","","방어력 82 / 처리속도 6","방어력 82 (77~87) / 처리속도 6 (1~11)","","253337","5","0.0030%","아니오"
"drop_archer_gloves_120","수석회계 업무장갑","궁수","장갑","","120","","방어력 52 / 처리속도 6","방어력 52 (47~57) / 처리속도 6 (1~11)","","232226","5","0.0040%","아니오"
"drop_archer_helmet_120","수석회계 보호모","궁수","투구","","120","","방어력 89 / 처리속도 6","방어력 89 (84~94) / 처리속도 6 (1~11)","","245420","10","0.0070%","아니오"
"drop_archer_shoes_120","수석회계 근무화","궁수","신발","","120","","방어력 46 / 처리속도 6","방어력 46 (41~51) / 처리속도 6 (1~11)","","205837","5","0.0040%","아니오"
"drop_archer_top_120","수석회계 업무복","궁수","상의","","120","","방어력 105 / 처리속도 6","방어력 105 (100~110) / 처리속도 6 (1~11)","","263893","5","0.0050%","아니오"
"drop_crossbow_120","대표이사 결산석궁","궁수","무기","crossbow","120","맷집 120","공격력 95 / 처리속도 4","공격력 95 (90~100) / 처리속도 4 (1~9)","0.9","343061","7","0.0020%","아니오"
"drop_bow_120","대표이사 홍보장궁","궁수","무기","bow","120","맷집 125","공격력 92 / 처리속도 4","공격력 92 (87~97) / 처리속도 4 (1~9)","1","343061","7","0.0050%","아니오"
"drop_mage_bottom_120","수석연구 근무바지","마법사","하의","","120","","방어력 82 / 업무지식 6 / 마법방어력 55","방어력 82 (77~87) / 업무지식 6 (1~11) / 마법방어력 55 (50~60)","","253337","5","0.0050%","아니오"
"drop_mage_gloves_120","수석연구 업무장갑","마법사","장갑","","120","","방어력 52 / 업무지식 6 / 마법방어력 35","방어력 52 (47~57) / 업무지식 6 (1~11) / 마법방어력 35 (30~40)","","232226","5","0.0020%","아니오"
"drop_mage_helmet_120","수석연구 보호모","마법사","투구","","120","","방어력 89 / 업무지식 6 / 마법방어력 60","방어력 89 (84~94) / 업무지식 6 (1~11) / 마법방어력 60 (55~65)","","245420","10","0.0050%","아니오"
"shield_mage_120","무중단 프렐류드방패","마법사","shield","","120","업무지식 368 / 눈치 120","방어력 60 / 마법방어력 110 / 업무지식 5","방어력 60 (55~65) / 마법방어력 110 (105~115) / 업무지식 5 (1~10)","","237504","7","0.0050%","아니오"
"drop_mage_shoes_120","수석연구 근무화","마법사","신발","","120","","방어력 46 / 업무지식 6 / 마법방어력 31","방어력 46 (41~51) / 업무지식 6 (1~11) / 마법방어력 31 (26~36)","","205837","5","0.0070%","아니오"
"drop_mage_top_120","수석연구 업무복","마법사","상의","","120","","방어력 105 / 업무지식 6 / 마법방어력 71","방어력 105 (100~110) / 업무지식 6 (1~11) / 마법방어력 71 (66~76)","","263893","5","0.0020%","아니오"
"drop_wand_120","대표이사 개발완드","마법사","무기","wand","120","눈치 122","공격력 24 / 마력 105 / 업무지식 4","공격력 24 (19~29) / 마력 105 (100~110) / 업무지식 4 (1~9)","1.12","343061","7","0.0070%","아니오"
"drop_staff_120","대표이사 연구스태프","마법사","무기","staff","120","눈치 123","공격력 24 / 마력 105 / 업무지식 4","공격력 24 (19~29) / 마력 105 (100~110) / 업무지식 4 (1~9)","0.9","343061","7","0.0060%","아니오"
"drop_thief_bottom_120","수석영업 근무바지","도적","하의","","120","","방어력 82 / 눈치 6","방어력 82 (77~87) / 눈치 6 (1~11)","","253337","5","0.0020%","아니오"
"drop_thief_gloves_120","수석영업 업무장갑","도적","장갑","","120","","방어력 52 / 눈치 6","방어력 52 (47~57) / 눈치 6 (1~11)","","232226","5","0.0030%","아니오"
"drop_thief_helmet_120","수석영업 보호모","도적","투구","","120","","방어력 89 / 눈치 6","방어력 89 (84~94) / 눈치 6 (1~11)","","245420","10","0.0060%","아니오"
"drop_thief_shoes_120","수석영업 근무화","도적","신발","","120","","방어력 46 / 눈치 6","방어력 46 (41~51) / 눈치 6 (1~11)","","205837","5","0.0080%","아니오"
"drop_thief_top_120","수석영업 업무복","도적","상의","","120","","방어력 105 / 눈치 6","방어력 105 (100~110) / 눈치 6 (1~11)","","263893","5","0.0050%","아니오"
"drop_claw_120","대표이사 계약아대","도적","무기","claw","120","처리속도 160","공격력 92 / 눈치 4","공격력 92 (87~97) / 눈치 4 (1~9)","1.12","343061","7","0.0040%","아니오"
"drop_dagger_120","대표이사 시설단검","도적","무기","dagger","120","처리속도 160","공격력 92 / 눈치 4","공격력 92 (87~97) / 눈치 4 (1~9)","1.06","343061","7","0.0080%","아니오"
"drop_warrior_bottom_120","본부직속 근무바지","전사","하의","","120","","방어력 82 / 맷집 6","방어력 82 (77~87) / 맷집 6 (1~11)","","253337","5","0.0060%","아니오"
"drop_warrior_gloves_120","본부직속 업무장갑","전사","장갑","","120","","방어력 52 / 맷집 6","방어력 52 (47~57) / 맷집 6 (1~11)","","232226","5","0.0030%","아니오"
"drop_warrior_helmet_120","본부직속 보호모","전사","투구","","120","","방어력 89 / 맷집 6","방어력 89 (84~94) / 맷집 6 (1~11)","","245420","10","0.0030%","아니오"
"shield_warrior_120","무결점 카이트방패","전사","shield","","120","맷집 370","방어력 100 / 마법방어력 35 / 맷집 7 / 처리속도 5 / 회피율 5","방어력 100 (95~105) / 마법방어력 35 (30~40) / 맷집 7 (2~12) / 처리속도 5 (1~10) / 회피율 5 (1~10)","","237504","7","0.0070%","아니오"
"drop_warrior_shoes_120","본부직속 근무화","전사","신발","","120","","방어력 46 / 맷집 6","방어력 46 (41~51) / 맷집 6 (1~11)","","205837","5","0.0030%","아니오"
"drop_warrior_top_120","본부직속 업무복","전사","상의","","120","","방어력 105 / 맷집 6","방어력 105 (100~110) / 맷집 6 (1~11)","","263893","5","0.0080%","아니오"
"drop_oneHandedSword_120","대표이사 결재검","전사","무기","oneHandedSword","120","","공격력 92 / 맷집 4","공격력 92 (87~97) / 맷집 4 (1~9)","1.06","343061","7","0.0050%","아니오"
"drop_twoHandedAxe_120","대표이사 공정파쇄도끼","전사","무기","twoHandedAxe","120","","공격력 95 / 맷집 4","공격력 95 (90~100) / 맷집 4 (1~9)","0.82","343061","7","0.0060%","아니오"
"drop_twoHandedSword_120","대표이사 보고대검","전사","무기","twoHandedSword","120","","공격력 92 / 맷집 4","공격력 92 (87~97) / 맷집 4 (1~9)","1","343061","7","0.0050%","아니오"
"drop_oneHandedBlunt_120","대표이사 승인망치","전사","무기","oneHandedBlunt","120","","공격력 92 / 맷집 4","공격력 92 (87~97) / 맷집 4 (1~9)","1.06","343061","7","0.0060%","아니오"
"drop_spear_120","대표이사 점검창","전사","무기","spear","120","","공격력 95 / 맷집 4","공격력 95 (90~100) / 맷집 4 (1~9)","0.82","343061","7","0.0050%","아니오"
"drop_oneHandedAxe_120","대표이사 정리도끼","전사","무기","oneHandedAxe","120","","공격력 92 / 맷집 4","공격력 92 (87~97) / 맷집 4 (1~9)","1.06","343061","7","0.0040%","아니오"
"drop_polearm_120","대표이사 집행폴암","전사","무기","polearm","120","","공격력 95 / 맷집 4","공격력 95 (90~100) / 맷집 4 (1~9)","0.82","343061","7","0.0070%","아니오"
"shield_mage_125","피어리스 기술방패","마법사","shield","","125","업무지식 368 / 눈치 120","방어력 60 / 마법방어력 180 / 업무지식 10 / 눈치 5 / 회피율 20","방어력 60 (55~65) / 마법방어력 180 (175~185) / 업무지식 10 (5~15) / 눈치 5 (1~10) / 회피율 20 (15~25)","","247359","8","0.0030%","아니오"
"shield_warrior_125","피어리스 결재방패","전사","shield","","125","맷집 370","방어력 180 / 마법방어력 60 / 맷집 10 / 처리속도 5 / 회피율 20","방어력 180 (175~185) / 마법방어력 60 (55~65) / 맷집 10 (5~15) / 처리속도 5 (1~10) / 회피율 20 (15~25)","","247359","8","0.0050%","아니오"
"drop_archer_bottom_130","결산완성 근무바지","궁수","하의","","130","","방어력 89 / 처리속도 7","방어력 89 (84~94) / 처리속도 7 (2~12)","","274361","5","0.0060%","아니오"
"drop_archer_gloves_130","결산완성 업무장갑","궁수","장갑","","130","","방어력 56 / 처리속도 7","방어력 56 (51~61) / 처리속도 7 (2~12)","","251498","5","0.0070%","아니오"
"drop_archer_helmet_130","결산완성 보호모","궁수","투구","","130","","방어력 97 / 처리속도 7","방어력 97 (92~102) / 처리속도 7 (2~12)","","265787","10","0.0030%","아니오"
"drop_archer_shoes_130","결산완성 근무화","궁수","신발","","130","","방어력 50 / 처리속도 7","방어력 50 (45~55) / 처리속도 7 (2~12)","","222919","5","0.0070%","아니오"
"drop_archer_top_130","결산완성 업무복","궁수","상의","","130","","방어력 114 / 처리속도 7","방어력 114 (109~119) / 처리속도 7 (2~12)","","285793","5","0.0080%","아니오"
"drop_crossbow_130","회장실 결산석궁","궁수","무기","crossbow","130","맷집 130","공격력 97 / 처리속도 4","공격력 97 (92~102) / 처리속도 4 (1~9)","0.9","371531","7","0.0050%","아니오"
"drop_bow_130","회장실 홍보장궁","궁수","무기","bow","130","맷집 135","공격력 94 / 처리속도 4","공격력 94 (89~99) / 처리속도 4 (1~9)","1","371531","7","0.0080%","아니오"
"drop_mage_bottom_130","배포완성 근무바지","마법사","하의","","130","","방어력 89 / 업무지식 7 / 마법방어력 60","방어력 89 (84~94) / 업무지식 7 (2~12) / 마법방어력 60 (55~65)","","274361","5","0.0080%","아니오"
"drop_mage_gloves_130","배포완성 업무장갑","마법사","장갑","","130","","방어력 56 / 업무지식 7 / 마법방어력 38","방어력 56 (51~61) / 업무지식 7 (2~12) / 마법방어력 38 (33~43)","","251498","5","0.0050%","아니오"
"drop_mage_helmet_130","배포완성 보호모","마법사","투구","","130","","방어력 97 / 업무지식 7 / 마법방어력 65","방어력 97 (92~102) / 업무지식 7 (2~12) / 마법방어력 65 (60~70)","","265787","10","0.0080%","아니오"
"shield_mage_130","최종배포 세이지방패","마법사","shield","","130","업무지식 420 / 눈치 160","방어력 71 / 마법방어력 130 / 업무지식 10","방어력 71 (66~76) / 마법방어력 130 (125~135) / 업무지식 10 (5~15)","","257214","7","0.0080%","아니오"
"drop_mage_shoes_130","배포완성 근무화","마법사","신발","","130","","방어력 50 / 업무지식 7 / 마법방어력 34","방어력 50 (45~55) / 업무지식 7 (2~12) / 마법방어력 34 (29~39)","","222919","5","0.0030%","아니오"
"drop_mage_top_130","배포완성 업무복","마법사","상의","","130","","방어력 114 / 업무지식 7 / 마법방어력 77","방어력 114 (109~119) / 업무지식 7 (2~12) / 마법방어력 77 (72~82)","","285793","5","0.0050%","아니오"
"drop_wand_130","회장실 개발완드","마법사","무기","wand","130","눈치 132","공격력 25 / 마력 112 / 업무지식 4","공격력 25 (20~30) / 마력 112 (107~117) / 업무지식 4 (1~9)","1.12","371531","7","0.0030%","아니오"
"drop_staff_130","회장실 연구스태프","마법사","무기","staff","130","눈치 133","공격력 25 / 마력 112 / 업무지식 4","공격력 25 (20~30) / 마력 112 (107~117) / 업무지식 4 (1~9)","0.9","371531","7","0.0020%","아니오"
"drop_thief_bottom_130","계약완성 근무바지","도적","하의","","130","","방어력 89 / 눈치 7","방어력 89 (84~94) / 눈치 7 (2~12)","","274361","5","0.0050%","아니오"
"drop_thief_gloves_130","계약완성 업무장갑","도적","장갑","","130","","방어력 56 / 눈치 7","방어력 56 (51~61) / 눈치 7 (2~12)","","251498","5","0.0060%","아니오"
"drop_thief_helmet_130","계약완성 보호모","도적","투구","","130","","방어력 97 / 눈치 7","방어력 97 (92~102) / 눈치 7 (2~12)","","265787","10","0.0020%","아니오"
"drop_thief_shoes_130","계약완성 근무화","도적","신발","","130","","방어력 50 / 눈치 7","방어력 50 (45~55) / 눈치 7 (2~12)","","222919","5","0.0040%","아니오"
"drop_thief_top_130","계약완성 업무복","도적","상의","","130","","방어력 114 / 눈치 7","방어력 114 (109~119) / 눈치 7 (2~12)","","285793","5","0.0080%","아니오"
"drop_claw_130","회장실 계약아대","도적","무기","claw","130","처리속도 170","공격력 94 / 눈치 4","공격력 94 (89~99) / 눈치 4 (1~9)","1.12","371531","7","0.0070%","아니오"
"drop_dagger_130","회장실 시설단검","도적","무기","dagger","130","처리속도 170","공격력 94 / 눈치 4","공격력 94 (89~99) / 눈치 4 (1~9)","1.06","371531","7","0.0040%","아니오"
"drop_warrior_bottom_130","품질완성 근무바지","전사","하의","","130","","방어력 89 / 맷집 7","방어력 89 (84~94) / 맷집 7 (2~12)","","274361","5","0.0020%","아니오"
"drop_warrior_gloves_130","품질완성 업무장갑","전사","장갑","","130","","방어력 56 / 맷집 7","방어력 56 (51~61) / 맷집 7 (2~12)","","251498","5","0.0060%","아니오"
"drop_warrior_helmet_130","품질완성 보호모","전사","투구","","130","","방어력 97 / 맷집 7","방어력 97 (92~102) / 맷집 7 (2~12)","","265787","10","0.0060%","아니오"
"shield_warrior_130","회장실 보안방패","전사","shield","","130","맷집 420 / 처리속도 160","방어력 118 / 마법방어력 41 / 맷집 10 / 처리속도 10","방어력 118 (113~123) / 마법방어력 41 (36~46) / 맷집 10 (5~15) / 처리속도 10 (5~15)","","257214","7","0.0030%","아니오"
"drop_warrior_shoes_130","품질완성 근무화","전사","신발","","130","","방어력 50 / 맷집 7","방어력 50 (45~55) / 맷집 7 (2~12)","","222919","5","0.0060%","아니오"
"drop_warrior_top_130","품질완성 업무복","전사","상의","","130","","방어력 114 / 맷집 7","방어력 114 (109~119) / 맷집 7 (2~12)","","285793","5","0.0040%","아니오"
"drop_oneHandedSword_130","회장실 결재검","전사","무기","oneHandedSword","130","","공격력 94 / 맷집 4","공격력 94 (89~99) / 맷집 4 (1~9)","1.06","371531","7","0.0080%","아니오"
"drop_twoHandedAxe_130","회장실 공정파쇄도끼","전사","무기","twoHandedAxe","130","","공격력 97 / 맷집 4","공격력 97 (92~102) / 맷집 4 (1~9)","0.82","371531","7","0.0020%","아니오"
"drop_twoHandedSword_130","회장실 보고대검","전사","무기","twoHandedSword","130","","공격력 94 / 맷집 4","공격력 94 (89~99) / 맷집 4 (1~9)","1","371531","7","0.0080%","아니오"
"drop_oneHandedBlunt_130","회장실 승인망치","전사","무기","oneHandedBlunt","130","","공격력 94 / 맷집 4","공격력 94 (89~99) / 맷집 4 (1~9)","1.06","371531","7","0.0020%","아니오"
"drop_spear_130","회장실 점검창","전사","무기","spear","130","","공격력 97 / 맷집 4","공격력 97 (92~102) / 맷집 4 (1~9)","0.82","371531","7","0.0080%","아니오"
"drop_oneHandedAxe_130","회장실 정리도끼","전사","무기","oneHandedAxe","130","","공격력 94 / 맷집 4","공격력 94 (89~99) / 맷집 4 (1~9)","1.06","371531","7","0.0070%","아니오"
"drop_polearm_130","회장실 집행폴암","전사","무기","polearm","130","","공격력 97 / 맷집 4","공격력 97 (92~102) / 맷집 4 (1~9)","0.82","371531","7","0.0030%","아니오"
"drop_common_cape_140","호이상사 명예망토","전사/궁수/도적/마법사","망토","","140","","방어력 50 / 회피율 4","방어력 50 (45~55) / 회피율 4 (1~9)","","276923","5","0.0070%","아니오"
"drop_common_earrings_140","호이상사 지휘 이어셋","전사/궁수/도적/마법사","귀걸이","","140","","마법방어력 39 / 명중률 5","마법방어력 39 (34~44) / 명중률 5 (1~10)","","200000","5","0.0030%","아니오"
"drop_archer_bottom_140","완벽결산 근무바지","궁수","하의","","140","","방어력 95 / 처리속도 7","방어력 95 (90~100) / 처리속도 7 (2~12)","","295384","5","0.0020%","아니오"
"drop_archer_gloves_140","완벽결산 업무장갑","궁수","장갑","","140","","방어력 60 / 처리속도 7","방어력 60 (55~65) / 처리속도 7 (2~12)","","270769","5","0.0030%","아니오"
"drop_archer_helmet_140","완벽결산 보호모","궁수","투구","","140","","방어력 104 / 처리속도 7","방어력 104 (99~109) / 처리속도 7 (2~12)","","286154","10","0.0060%","아니오"
"drop_archer_shoes_140","완벽결산 근무화","궁수","신발","","140","","방어력 54 / 처리속도 7","방어력 54 (49~59) / 처리속도 7 (2~12)","","240000","5","0.0030%","아니오"
"drop_archer_top_140","완벽결산 업무복","궁수","상의","","140","","방어력 122 / 처리속도 7","방어력 122 (117~127) / 처리속도 7 (2~12)","","307692","5","0.0040%","아니오"
"drop_crossbow_140","최종결재 결산석궁","궁수","무기","crossbow","140","맷집 140","공격력 97 / 처리속도 4","공격력 97 (92~102) / 처리속도 4 (1~9)","0.9","400000","7","0.0080%","아니오"
"drop_bow_140","최종결재 홍보장궁","궁수","무기","bow","140","맷집 145","공격력 94 / 처리속도 4","공격력 94 (89~99) / 처리속도 4 (1~9)","1","400000","7","0.0040%","아니오"
"drop_mage_bottom_140","무중단배포 근무바지","마법사","하의","","140","","방어력 95 / 업무지식 7 / 마법방어력 64","방어력 95 (90~100) / 업무지식 7 (2~12) / 마법방어력 64 (59~69)","","295384","5","0.0040%","아니오"
"drop_mage_gloves_140","무중단배포 업무장갑","마법사","장갑","","140","","방어력 60 / 업무지식 7 / 마법방어력 41","방어력 60 (55~65) / 업무지식 7 (2~12) / 마법방어력 41 (36~46)","","270769","5","0.0080%","아니오"
"drop_mage_helmet_140","무중단배포 보호모","마법사","투구","","140","","방어력 104 / 업무지식 7 / 마법방어력 70","방어력 104 (99~109) / 업무지식 7 (2~12) / 마법방어력 70 (65~75)","","286154","10","0.0040%","아니오"
"drop_mage_shoes_140","무중단배포 근무화","마법사","신발","","140","","방어력 54 / 업무지식 7 / 마법방어력 36","방어력 54 (49~59) / 업무지식 7 (2~12) / 마법방어력 36 (31~41)","","240000","5","0.0060%","아니오"
"drop_mage_top_140","무중단배포 업무복","마법사","상의","","140","","방어력 122 / 업무지식 7 / 마법방어력 83","방어력 122 (117~127) / 업무지식 7 (2~12) / 마법방어력 83 (78~88)","","307692","5","0.0080%","아니오"
"drop_wand_140","최종결재 개발완드","마법사","무기","wand","140","눈치 142","공격력 27 / 마력 112 / 업무지식 4","공격력 27 (22~32) / 마력 112 (107~117) / 업무지식 4 (1~9)","1.12","400000","7","0.0060%","아니오"
"drop_staff_140","최종결재 연구스태프","마법사","무기","staff","140","눈치 143","공격력 27 / 마력 112 / 업무지식 4","공격력 27 (22~32) / 마력 112 (107~117) / 업무지식 4 (1~9)","0.9","400000","7","0.0050%","아니오"
"drop_thief_bottom_140","전설계약 근무바지","도적","하의","","140","","방어력 95 / 눈치 7","방어력 95 (90~100) / 눈치 7 (2~12)","","295384","5","0.0080%","아니오"
"drop_thief_gloves_140","전설계약 업무장갑","도적","장갑","","140","","방어력 60 / 눈치 7","방어력 60 (55~65) / 눈치 7 (2~12)","","270769","5","0.0020%","아니오"
"drop_thief_helmet_140","전설계약 보호모","도적","투구","","140","","방어력 104 / 눈치 7","방어력 104 (99~109) / 눈치 7 (2~12)","","286154","10","0.0050%","아니오"
"drop_thief_shoes_140","전설계약 근무화","도적","신발","","140","","방어력 54 / 눈치 7","방어력 54 (49~59) / 눈치 7 (2~12)","","240000","5","0.0070%","아니오"
"drop_thief_top_140","전설계약 업무복","도적","상의","","140","","방어력 122 / 눈치 7","방어력 122 (117~127) / 눈치 7 (2~12)","","307692","5","0.0040%","아니오"
"drop_claw_140","최종결재 계약아대","도적","무기","claw","140","처리속도 180","공격력 94 / 눈치 4","공격력 94 (89~99) / 눈치 4 (1~9)","1.12","400000","7","0.0030%","아니오"
"drop_dagger_140","최종결재 시설단검","도적","무기","dagger","140","처리속도 180","공격력 94 / 눈치 4","공격력 94 (89~99) / 눈치 4 (1~9)","1.06","400000","7","0.0070%","아니오"
"drop_warrior_bottom_140","무결점공정 근무바지","전사","하의","","140","","방어력 95 / 맷집 7","방어력 95 (90~100) / 맷집 7 (2~12)","","295384","5","0.0050%","아니오"
"drop_warrior_gloves_140","무결점공정 업무장갑","전사","장갑","","140","","방어력 60 / 맷집 7","방어력 60 (55~65) / 맷집 7 (2~12)","","270769","5","0.0020%","아니오"
"drop_warrior_helmet_140","무결점공정 보호모","전사","투구","","140","","방어력 104 / 맷집 7","방어력 104 (99~109) / 맷집 7 (2~12)","","286154","10","0.0020%","아니오"
"drop_warrior_shoes_140","무결점공정 근무화","전사","신발","","140","","방어력 54 / 맷집 7","방어력 54 (49~59) / 맷집 7 (2~12)","","240000","5","0.0020%","아니오"
"drop_warrior_top_140","무결점공정 업무복","전사","상의","","140","","방어력 122 / 맷집 7","방어력 122 (117~127) / 맷집 7 (2~12)","","307692","5","0.0070%","아니오"
"drop_oneHandedSword_140","최종결재 결재검","전사","무기","oneHandedSword","140","","공격력 94 / 맷집 4","공격력 94 (89~99) / 맷집 4 (1~9)","1.06","400000","7","0.0040%","아니오"
"drop_twoHandedAxe_140","최종결재 공정파쇄도끼","전사","무기","twoHandedAxe","140","","공격력 97 / 맷집 4","공격력 97 (92~102) / 맷집 4 (1~9)","0.82","400000","7","0.0050%","아니오"
"drop_twoHandedSword_140","최종결재 보고대검","전사","무기","twoHandedSword","140","","공격력 94 / 맷집 4","공격력 94 (89~99) / 맷집 4 (1~9)","1","400000","7","0.0040%","아니오"
"drop_oneHandedBlunt_140","최종결재 승인망치","전사","무기","oneHandedBlunt","140","","공격력 94 / 맷집 4","공격력 94 (89~99) / 맷집 4 (1~9)","1.06","400000","7","0.0050%","아니오"
"drop_spear_140","최종결재 점검창","전사","무기","spear","140","","공격력 97 / 맷집 4","공격력 97 (92~102) / 맷집 4 (1~9)","0.82","400000","7","0.0040%","아니오"
"drop_oneHandedAxe_140","최종결재 정리도끼","전사","무기","oneHandedAxe","140","","공격력 94 / 맷집 4","공격력 94 (89~99) / 맷집 4 (1~9)","1.06","400000","7","0.0030%","아니오"
"drop_polearm_140","최종결재 집행폴암","전사","무기","polearm","140","","공격력 97 / 맷집 4","공격력 97 (92~102) / 맷집 4 (1~9)","0.82","400000","7","0.0060%","아니오"
